日期,中国国债收益率2年,中国国债收益率5年,中国国债收益率10年,中国国债收益率30年,中国国债收益率10年-2年,中国GDP年增率,美国国债收益率2年,美国国债收益率5年,美国国债收益率10年,美国国债收益率30年,美国国债收益率10年-2年,美国GDP年增率
2015-01-02,,,,,,,0.66,,,,,
2015-01-04,3.3145,3.5221,3.6285,4.127,0.314,,,,,,,
2015-01-05,3.3071,3.522,3.6251,4.1236,0.318,,0.68,1.57,2.04,2.6,1.36,
2015-01-06,3.2901,3.5238,3.6353,4.1338,0.3452,,0.65,1.5,1.97,2.52,1.32,
2015-01-07,3.2522,3.5001,3.6408,4.1393,0.3886,,0.62,1.47,1.96,2.52,1.34,
2015-01-08,3.2515,3.5199,3.6415,4.14,0.39,,0.62,1.5,2.03,2.59,1.41,
2015-01-09,3.2576,3.5212,3.6348,4.1333,0.3772,,0.59,,1.98,,1.39,
2015-01-12,3.2544,3.5217,3.6371,4.1456,0.3827,,0.56,1.39,1.92,2.49,1.36,
2015-01-13,3.232,3.4551,3.5836,4.0921,0.3516,,0.54,1.37,1.91,2.49,1.37,
2015-01-14,3.2196,3.4379,3.5411,4.0497,0.3215,,0.51,1.33,1.86,2.47,1.35,
2015-01-15,3.209,3.4575,3.5464,4.0697,0.3374,,0.44,1.22,1.77,2.4,1.33,
2015-01-16,3.2088,3.4011,3.5017,4.025,0.2929,,0.49,,1.83,,1.34,
2015-01-19,3.2026,3.4013,3.475,3.9983,0.2724,,,,,,,
2015-01-20,3.1936,3.399,3.4711,3.9944,0.2775,,0.53,1.31,1.82,2.39,1.29,
2015-01-21,3.1909,3.382,3.4672,3.9905,0.2763,,0.53,1.35,1.87,2.44,1.34,
2015-01-22,3.1809,3.3651,3.4521,3.9753,0.2712,,0.53,1.39,1.9,2.46,1.37,
2015-01-23,3.1741,3.3513,3.452,3.9752,0.2779,,0.52,1.33,1.81,2.38,1.29,
2015-01-26,3.143,3.3272,3.4341,3.9573,0.2911,,0.54,1.36,1.83,2.4,1.29,
2015-01-27,3.1241,3.322,3.4309,3.9541,0.3068,,0.54,1.34,1.83,2.4,1.29,
2015-01-28,3.1333,3.3806,3.4767,3.9674,0.3434,,0.5,1.25,1.73,2.29,1.23,
2015-01-29,3.1405,3.4086,3.4966,3.9874,0.3561,,0.51,1.28,1.77,2.33,1.26,
2015-01-30,3.1553,3.4117,3.5019,3.9926,0.3466,,0.47,1.18,1.68,2.25,1.21,
2015-02-02,3.1417,3.3753,3.4729,3.9636,0.3312,,0.49,1.19,1.68,2.25,1.19,
2015-02-03,3.1432,3.3787,3.4533,3.9439,0.3101,,0.52,1.28,1.79,2.37,1.27,
2015-02-04,3.1288,3.3697,3.4589,3.9495,0.3301,,0.52,1.29,1.81,2.39,1.29,
2015-02-05,3.082,3.3384,3.4018,3.8924,0.3198,,0.52,1.3,1.83,2.42,1.31,
2015-02-06,3.1066,3.3498,3.4325,3.9225,0.3259,,0.65,1.48,1.95,2.51,1.3,
2015-02-09,3.1147,3.328,3.4236,3.9136,0.3089,,0.65,1.49,1.96,2.52,1.31,
2015-02-10,3.1102,3.3277,3.4299,3.9199,0.3197,,0.67,1.52,2.01,2.58,1.34,
2015-02-11,3.1037,3.2856,3.3955,3.8855,0.2918,,0.67,1.53,2.0,2.57,1.33,
2015-02-12,3.0947,3.2509,3.3865,3.8855,0.2918,,0.61,1.5,1.99,2.58,1.38,
2015-02-13,3.086,3.2167,3.3552,3.9055,0.2692,,0.66,,2.02,,1.36,
2015-02-15,3.066,3.2118,3.3625,3.9128,0.2965,,,,,,,
2015-02-16,3.0527,3.1967,3.3374,3.8877,0.2847,,,,,,,
2015-02-17,3.0744,3.1974,3.3373,3.8877,0.2629,,0.7,1.62,2.14,2.73,1.44,
2015-02-18,,,,,,,0.62,1.52,2.07,2.7,1.45,
2015-02-19,,,,,,,0.67,1.58,2.11,2.73,1.44,
2015-02-20,,,,,,,0.67,1.61,2.13,2.73,1.46,
2015-02-23,,,,,,,0.64,1.56,2.06,2.66,1.42,
2015-02-24,,,,,,,0.6,1.47,1.99,2.6,1.39,
2015-02-25,3.0524,3.1821,3.349,3.8993,0.2966,,0.61,1.47,1.96,2.56,1.35,
2015-02-26,3.0525,3.1934,3.3594,3.9052,0.3069,,0.66,1.54,2.03,2.63,1.37,
2015-02-27,3.0786,3.2128,3.3745,3.9203,0.2959,,0.63,1.5,2.0,2.6,1.37,
2015-02-28,3.0866,3.2164,3.3602,3.906,0.2736,,,,,,,
2015-03-02,3.0959,3.233,3.3883,3.9341,0.2924,,0.66,1.57,2.08,2.68,1.42,
2015-03-03,3.0843,3.2541,3.4022,3.948,0.3179,,0.68,1.61,2.12,2.71,1.44,
2015-03-04,3.0928,3.2406,3.3869,3.9327,0.2941,,0.66,1.6,2.12,2.72,1.46,
2015-03-05,3.1269,3.2882,3.4369,3.9827,0.31,,0.65,1.57,2.11,2.71,1.46,
2015-03-06,3.1643,3.3015,3.4753,4.0211,0.311,,0.73,1.7,2.24,2.83,1.51,
2015-03-09,3.1728,3.3327,3.4922,4.038,0.3194,,0.7,1.66,2.2,2.8,1.5,
2015-03-10,3.1837,3.3269,3.5228,4.0686,0.3391,,0.7,1.62,2.14,2.73,1.44,
2015-03-11,3.1377,3.2969,3.4466,3.9924,0.3089,,0.7,1.6,2.11,2.69,1.41,
2015-03-12,3.1288,3.2825,3.4412,3.987,0.3124,,0.67,1.59,2.1,2.69,1.43,
2015-03-13,3.1602,3.3305,3.4879,4.0337,0.3277,,0.68,1.6,2.13,2.7,1.45,
2015-03-16,3.165,3.3397,3.5301,4.0759,0.3651,,0.66,1.57,2.1,2.67,1.44,
2015-03-17,3.1675,3.3201,3.5428,4.0886,0.3753,,0.7,1.56,2.06,2.61,1.36,
2015-03-18,3.1687,3.3404,3.5519,4.0977,0.3832,,0.57,1.41,1.93,2.51,1.36,
2015-03-19,3.1629,3.3357,3.5348,4.1277,0.3719,,0.63,1.48,1.98,2.54,1.35,
2015-03-20,3.1589,3.2943,3.4958,4.1059,0.3369,,0.6,1.42,1.93,2.5,1.33,
2015-03-23,3.1745,3.3029,3.4933,4.1034,0.3188,,0.6,1.41,1.92,2.51,1.32,
2015-03-24,3.1734,3.3086,3.4841,4.114,0.3107,,0.58,1.37,1.88,2.46,1.3,
2015-03-25,3.1775,3.3254,3.5037,4.1336,0.3262,,0.59,1.41,1.93,2.5,1.34,
2015-03-26,3.1929,3.3799,3.544,4.1739,0.3511,,0.61,1.47,2.01,2.6,1.4,
2015-03-27,3.215,3.4271,3.5678,4.211,0.3528,,0.58,1.42,1.95,2.53,1.37,
2015-03-30,3.23,3.4526,3.5849,4.2281,0.3549,,0.58,1.41,1.96,2.55,1.38,
2015-03-31,3.2651,3.4625,3.6483,4.2281,0.3832,,0.56,1.37,1.94,2.54,1.38,
2015-04-01,3.2552,3.4525,3.5997,4.1795,0.3445,,0.55,1.32,1.87,2.47,1.32,
2015-04-02,3.2176,3.4113,3.5438,4.1245,0.3262,,0.55,1.35,1.92,2.53,1.37,
2015-04-03,3.2181,3.4013,3.572,4.1527,0.3539,,0.49,1.26,1.85,2.49,1.36,
2015-04-06,,,,,,,0.51,1.31,1.92,2.57,1.41,
2015-04-07,3.2282,3.4549,3.5987,4.1794,0.3705,,0.52,1.32,1.89,2.52,1.37,
2015-04-08,3.2411,3.4749,3.6938,4.2744,0.4527,,0.54,1.35,1.92,2.53,1.38,
2015-04-09,3.1991,3.4671,3.704,4.2938,0.5049,,0.56,1.4,1.97,2.61,1.41,
2015-04-10,3.2085,3.4695,3.6947,4.2938,0.4862,,0.57,1.41,1.96,2.58,1.39,
2015-04-13,3.219,3.467,3.6685,4.2938,0.4495,,0.54,1.38,1.94,2.58,1.4,
2015-04-14,3.166,3.4744,3.6211,4.2574,0.4551,,0.53,1.34,1.9,2.54,1.37,
2015-04-15,3.1412,3.417,3.5954,4.2317,0.4542,,0.51,1.33,1.91,2.55,1.4,
2015-04-16,3.1358,3.4207,3.56,4.1963,0.4242,,0.5,1.31,1.9,2.56,1.4,
2015-04-17,3.1946,3.3977,3.5627,4.199,0.3681,,0.51,1.31,1.87,2.51,1.36,
2015-04-20,3.1192,3.3165,3.4554,4.0915,0.3362,,0.55,1.33,1.9,2.56,1.35,
2015-04-21,3.0629,3.2857,3.4055,4.0979,0.3426,,0.55,1.35,1.92,2.58,1.37,
2015-04-22,3.0783,3.2891,3.4052,4.0976,0.3269,,0.57,1.41,1.99,2.66,1.42,
2015-04-23,3.0931,3.2936,3.4151,4.0976,0.322,,0.55,1.37,1.96,2.63,1.41,
2015-04-24,3.0838,3.3075,3.4454,4.1845,0.3616,,0.54,1.34,1.93,2.62,1.39,
2015-04-27,3.0224,3.274,3.3952,4.1845,0.3728,,0.54,1.36,1.94,2.61,1.4,
2015-04-28,3.0108,3.2623,3.3804,4.1697,0.3696,,0.56,1.39,2.0,2.68,1.44,
2015-04-29,3.0048,3.2581,3.4,4.1715,0.3952,,0.56,1.43,2.06,2.76,1.5,
2015-04-30,2.9479,3.2533,3.3503,4.1218,0.4024,,0.58,1.43,2.05,2.75,1.47,
2015-05-01,,,,,,,0.6,1.5,2.12,2.82,1.52,
2015-05-04,2.9425,3.2656,3.3804,4.1519,0.4379,,0.6,1.51,2.16,2.88,1.56,
2015-05-05,2.952,3.2599,3.4006,4.1719,0.4486,,0.62,1.54,2.19,2.9,1.57,
2015-05-06,2.9396,3.2788,3.456,4.2196,0.5164,,0.65,1.58,2.25,2.98,1.6,
2015-05-07,2.9164,3.2828,3.4401,4.2098,0.5237,,0.63,1.55,2.18,2.9,1.55,
2015-05-08,2.8935,3.2484,3.3703,4.14,0.4768,,0.59,1.5,2.16,2.9,1.57,
2015-05-11,2.8605,3.217,3.3752,4.1449,0.5147,,0.62,1.59,2.28,3.03,1.66,
2015-05-12,2.7899,3.1677,3.4002,4.1601,0.6103,,0.61,1.58,2.28,3.02,1.67,
2015-05-13,2.7139,3.0637,3.4002,4.1601,0.6863,,0.59,1.57,2.27,3.07,1.68,
2015-05-14,2.6248,2.9869,3.3803,4.1406,0.7555,,0.56,1.51,2.23,3.03,1.67,
2015-05-15,2.5626,3.0508,3.3907,4.1354,0.8281,,0.55,1.46,2.14,2.93,1.59,
2015-05-18,2.5985,3.082,3.4109,4.1366,0.8124,,0.58,1.54,2.23,3.02,1.65,
2015-05-19,2.6794,3.1007,3.4311,4.1342,0.7517,,0.63,1.6,2.27,3.05,1.64,
2015-05-20,2.6438,3.1197,3.4282,4.1372,0.7844,,0.6,1.57,2.26,3.06,1.66,
2015-05-21,2.6416,3.1151,3.4257,4.1251,0.7841,,0.6,1.53,2.19,2.98,1.59,
2015-05-22,2.6078,3.1538,3.416,4.0751,0.8082,,0.64,1.57,2.21,2.99,1.57,
2015-05-25,2.5413,3.1707,3.431,4.0251,0.8897,,,,,,,
2015-05-26,2.4745,3.1997,3.5214,4.0023,1.0469,,0.64,1.54,2.14,2.89,1.5,
2015-05-27,2.397,3.1597,3.5055,4.039,1.1085,,0.64,1.53,2.14,2.88,1.5,
2015-05-28,2.4314,3.3171,3.5652,4.006,1.1338,,0.62,1.51,2.13,2.89,1.51,
2015-05-29,2.4457,3.2924,3.5954,4.019,1.1497,,0.61,1.49,2.12,2.88,1.51,
2015-06-01,2.4763,3.3434,3.6404,4.0321,1.1641,,0.64,1.55,2.19,2.94,1.55,
2015-06-02,2.4482,3.2809,3.588,4.0321,1.1398,,0.64,1.61,2.27,3.02,1.63,
2015-06-03,2.4302,3.2647,3.6111,4.0221,1.1809,,0.69,1.69,2.38,3.11,1.69,
2015-06-04,2.4008,3.2512,3.5912,4.0021,1.1904,,0.66,1.65,2.31,3.03,1.65,
2015-06-05,2.3931,3.2418,3.5814,3.9922,1.1883,,0.73,1.75,2.41,3.11,1.68,
2015-06-08,2.3824,3.2459,3.5613,4.006,1.1789,,0.7,1.72,2.39,3.11,1.69,
2015-06-09,2.3442,3.2453,3.5565,4.0145,1.2123,,0.72,1.74,2.42,3.15,1.7,
2015-06-10,2.325,3.2527,3.5912,4.0495,1.2662,,0.75,1.8,2.5,3.22,1.75,
2015-06-11,2.3379,3.2733,3.6197,4.0779,1.2818,,0.73,1.74,2.39,3.11,1.66,
2015-06-12,2.3278,3.2518,3.6226,4.0778,1.2948,,0.74,1.75,2.39,3.1,1.65,
2015-06-15,2.3263,3.2833,3.6681,4.1234,1.3418,,0.72,1.71,2.36,3.09,1.64,
2015-06-16,2.3326,3.2756,3.6099,4.0652,1.2773,,0.71,1.68,2.32,3.06,1.61,
2015-06-17,2.3643,3.2737,3.6052,4.0526,1.2409,,0.67,1.63,2.32,3.09,1.65,
2015-06-18,2.3682,3.2044,3.573,4.0201,1.2048,,0.66,1.65,2.35,3.14,1.69,
2015-06-19,2.3287,3.1853,3.5825,4.0296,1.2538,,0.65,1.59,2.26,3.05,1.61,
2015-06-22,,,,,,,0.68,1.68,2.37,3.16,1.69,
2015-06-23,2.3244,3.1923,3.6054,4.0525,1.281,,0.7,1.71,2.42,3.2,1.72,
2015-06-24,2.329,3.2127,3.6079,4.055,1.2789,,0.68,1.69,2.38,3.16,1.7,
2015-06-25,2.3252,3.2129,3.6028,4.0488,1.2776,,0.68,1.7,2.4,3.16,1.72,
2015-06-26,2.3226,3.2134,3.608,4.054,1.2854,,0.72,1.75,2.49,3.25,1.77,
2015-06-29,2.327,3.2278,3.603,4.0491,1.276,,0.64,1.62,2.33,3.09,1.69,
2015-06-30,2.343,3.2084,3.5976,4.0477,1.2546,,0.64,1.63,2.35,3.11,1.71,
2015-07-01,2.3517,3.1678,3.6127,4.0628,1.261,,0.69,1.7,2.43,3.2,1.74,
2015-07-02,2.3481,3.1822,3.6223,4.0636,1.2742,,0.64,1.64,2.4,3.19,1.76,
2015-07-03,2.3613,3.1587,3.5719,4.0752,1.2106,,,,,,,
2015-07-06,2.3164,3.1125,3.4917,3.9952,1.1753,,0.6,1.56,2.3,3.08,1.7,
2015-07-07,2.3714,3.1321,3.4361,3.9396,1.0647,,0.58,1.55,2.27,3.04,1.69,
2015-07-08,2.5534,3.1249,3.4307,3.9344,0.8773,,0.55,1.5,2.22,2.99,1.67,
2015-07-09,2.5407,3.1061,3.4358,3.9394,0.8951,,0.6,1.58,2.32,3.11,1.72,
2015-07-10,2.5895,3.1226,3.4885,3.9919,0.899,,0.65,1.68,2.42,3.2,1.77,
2015-07-13,2.6425,3.1448,3.5014,3.9708,0.8589,,0.69,1.71,2.44,3.21,1.75,
2015-07-14,2.6482,3.1711,3.5341,3.9769,0.8859,,0.66,1.67,2.41,3.2,1.75,
2015-07-15,2.6429,3.1715,3.5495,3.9769,0.9066,,0.64,1.63,2.36,3.13,1.72,
2015-07-16,2.6483,3.1569,3.5208,3.9566,0.8725,,0.67,1.66,2.36,3.11,1.69,
2015-07-17,2.6507,3.1563,3.5123,3.9364,0.8616,,0.68,1.67,2.34,3.08,1.66,
2015-07-20,2.6548,3.1573,3.5009,3.9479,0.8461,,0.71,1.72,2.38,3.1,1.67,
2015-07-21,2.6323,3.1765,3.5214,3.9684,0.8891,,0.71,1.69,2.35,3.08,1.64,
2015-07-22,2.63,3.1586,3.5145,3.9615,0.8845,,0.75,1.69,2.33,3.04,1.58,
2015-07-23,2.588,3.1658,3.4751,3.9593,0.8871,,0.71,1.65,2.28,2.98,1.57,
2015-07-24,2.5865,3.1576,3.4602,3.9231,0.8737,,0.7,1.64,2.27,2.96,1.57,
2015-07-27,2.5716,3.1596,3.4602,3.9231,0.8886,,0.68,1.58,2.23,2.93,1.55,
2015-07-28,2.5659,3.1501,3.4401,3.9031,0.8742,,0.69,1.61,2.26,2.96,1.57,
2015-07-29,2.5331,3.1553,3.4302,3.8931,0.8971,,0.7,1.62,2.29,2.99,1.59,
2015-07-30,2.5585,3.1617,3.4402,3.9031,0.8817,,0.72,1.62,2.28,2.96,1.56,
2015-07-31,2.5707,3.1798,3.4752,3.9381,0.9045,,0.67,1.54,2.2,2.92,1.53,
2015-08-03,2.5997,3.2048,3.47,3.9329,0.8703,,0.68,1.52,2.16,2.86,1.48,
2015-08-04,2.604,3.1981,3.47,3.9453,0.866,,0.74,1.6,2.23,2.9,1.49,
2015-08-05,2.575,3.203,3.4701,3.9491,0.8951,,0.73,1.65,2.28,2.94,1.55,
2015-08-06,2.5576,3.1646,3.46,3.9391,0.9024,,0.71,1.62,2.23,2.9,1.52,
2015-08-07,2.5458,3.1633,3.4553,3.9342,0.9095,,0.73,1.59,2.18,2.83,1.45,
2015-08-10,2.5481,3.1799,3.4755,3.9544,0.9274,,0.73,1.62,2.24,2.89,1.51,
2015-08-11,2.6125,3.2516,3.5256,3.9625,0.9131,,0.68,1.53,2.15,2.81,1.47,
2015-08-12,2.6458,3.2661,3.5402,3.9771,0.8944,,0.67,1.52,2.14,2.84,1.47,
2015-08-13,2.6218,3.2649,3.5153,3.9522,0.8935,,0.72,1.58,2.19,2.86,1.47,
2015-08-14,2.6216,3.2558,3.5052,3.9421,0.8836,,0.73,1.61,2.2,2.84,1.47,
2015-08-17,2.5957,3.2521,3.5176,3.9546,0.9219,,0.72,1.58,2.16,2.81,1.44,
2015-08-18,2.5994,3.2623,3.5126,3.9498,0.9132,,0.74,1.6,2.2,2.87,1.46,
2015-08-19,2.5982,3.2705,3.5201,3.9573,0.9219,,0.67,1.5,2.12,2.81,1.45,
2015-08-20,2.5983,3.2723,3.5051,3.9751,0.9068,,0.69,1.5,2.09,2.76,1.4,
2015-08-21,2.5949,3.2463,3.4951,3.9651,0.9002,,0.64,1.44,2.05,2.74,1.41,
2015-08-24,2.6141,3.2399,3.4701,3.9402,0.856,,0.59,1.39,2.01,2.73,1.42,
2015-08-25,2.6179,3.202,3.4577,3.9278,0.8398,,0.67,1.48,2.12,2.84,1.45,
2015-08-26,2.6039,3.1924,3.429,3.9112,0.8251,,0.67,1.49,2.18,2.94,1.51,
2015-08-27,2.6081,3.1689,3.3902,3.8724,0.7821,,0.68,1.49,2.18,2.93,1.5,
2015-08-28,2.6081,3.1634,3.3803,3.8625,0.7722,,0.72,1.52,2.19,2.92,1.47,
2015-08-31,2.6069,3.1345,3.3252,3.8074,0.7183,,0.74,1.54,2.21,2.95,1.47,
2015-09-01,2.6191,3.1178,3.3002,3.8014,0.6811,,0.7,1.49,2.17,2.93,1.47,
2015-09-02,2.6202,3.1428,3.3002,3.8014,0.68,,0.72,1.52,2.2,2.97,1.48,
2015-09-03,,,,,,,0.71,1.49,2.18,2.95,1.47,
2015-09-04,,,,,,,0.71,1.47,2.13,2.89,1.42,
2015-09-06,2.6155,3.1459,3.3203,3.8214,0.7048,,,,,,,
2015-09-07,2.6338,3.1924,3.3353,3.8517,0.7015,,,,,,,
2015-09-08,2.6465,3.1763,3.3603,3.831,0.7138,,0.74,1.53,2.2,2.97,1.46,
2015-09-09,2.6491,3.1843,3.3478,3.8185,0.6987,,0.75,1.53,2.21,2.96,1.46,
2015-09-10,2.6511,3.1901,3.3453,3.816,0.6942,,0.75,1.55,2.23,2.98,1.48,
2015-09-11,2.6374,3.1918,3.3404,3.8111,0.703,,0.71,1.52,2.2,2.95,1.49,
2015-09-14,2.6499,3.1718,3.3303,3.801,0.6804,,0.73,1.51,2.18,2.95,1.45,
2015-09-15,2.6599,3.1562,3.3104,3.782,0.6505,,0.82,1.61,2.28,3.06,1.46,
2015-09-16,2.6619,3.1413,3.3103,3.812,0.6484,,0.82,1.62,2.3,3.08,1.48,
2015-09-17,2.6614,3.1666,3.3204,3.797,0.659,,0.7,1.5,2.21,3.02,1.51,
2015-09-18,2.6677,3.1467,3.3105,3.7828,0.6428,,0.69,1.45,2.13,2.93,1.44,
2015-09-21,2.684,3.1419,3.3204,3.8178,0.6364,,0.72,1.51,2.2,3.02,1.48,
2015-09-22,2.6775,3.1548,3.3255,3.8488,0.648,,0.69,1.44,2.14,2.94,1.45,
2015-09-23,2.7111,3.1507,3.3354,3.8612,0.6243,,0.7,1.47,2.16,2.95,1.46,
2015-09-24,2.7004,3.132,3.318,3.8715,0.6176,,0.67,1.44,2.13,2.91,1.46,
2015-09-25,2.6949,3.1226,3.3101,3.8769,0.6152,,0.7,1.48,2.17,2.96,1.47,
2015-09-28,2.7033,3.0929,3.2906,3.8574,0.5873,,0.67,1.42,2.1,2.87,1.43,
2015-09-29,2.7003,3.0574,3.2457,3.8804,0.5454,,0.64,1.37,2.05,2.85,1.41,
2015-09-30,2.6715,3.0529,3.2362,3.8709,0.5647,,0.64,1.37,2.06,2.87,1.42,
2015-10-01,,,,,,,0.64,1.37,2.05,2.85,1.41,
2015-10-02,,,,,,,0.58,1.29,1.99,2.82,1.41,
2015-10-05,,,,,,,0.61,1.35,2.07,2.9,1.46,
2015-10-06,,,,,,,0.61,1.34,2.05,2.88,1.44,
2015-10-07,,,,,,,0.65,1.37,2.08,2.89,1.43,
2015-10-08,2.6588,3.0433,3.2409,3.8756,0.5821,,0.65,1.4,2.12,2.96,1.47,
2015-10-09,2.6396,2.9739,3.1486,3.8256,0.509,,0.65,1.41,2.12,2.94,1.47,
2015-10-10,2.6315,2.9538,3.1612,3.8381,0.5297,,,,,,,
2015-10-12,2.6436,2.9641,3.1488,3.8581,0.5052,,,,,,,
2015-10-13,2.6359,2.9237,3.1064,3.872,0.4705,,0.64,1.36,2.06,2.89,1.42,
2015-10-14,2.6263,2.8729,3.0414,3.8125,0.4151,,0.57,1.29,1.99,2.84,1.42,
2015-10-15,2.5908,2.9059,3.0814,3.8155,0.4906,,0.61,1.34,2.04,2.87,1.43,
2015-10-16,2.635,2.966,3.1216,3.8557,0.4866,,0.61,1.36,2.04,2.87,1.43,
2015-10-19,2.6236,2.9676,3.1214,3.8057,0.4978,,0.61,1.35,2.04,2.89,1.43,
2015-10-20,2.614,2.9058,3.0615,3.7612,0.4475,,0.66,1.4,2.08,2.92,1.42,
2015-10-21,2.6112,2.9087,3.0616,3.7613,0.4504,,0.64,1.37,2.04,2.87,1.4,
2015-10-22,2.6059,2.8962,3.0516,3.7613,0.4457,,0.61,1.36,2.04,2.87,1.43,
2015-10-23,2.6099,2.8865,3.04,3.7817,0.4301,,0.66,1.43,2.09,2.9,1.43,
2015-10-26,2.5905,2.8562,3.02,3.7618,0.4295,,0.66,1.41,2.07,2.87,1.41,
2015-10-27,2.5492,2.8112,2.98,3.7218,0.4308,,0.65,1.38,2.05,2.86,1.4,
2015-10-28,2.5544,2.8215,2.987,3.7288,0.4326,,0.73,1.47,2.1,2.87,1.37,
2015-10-29,2.5434,2.8915,3.05,3.7487,0.5066,,0.75,1.53,2.19,2.96,1.44,
2015-10-30,2.548,2.9112,3.06,3.7587,0.512,,0.75,1.52,2.16,2.93,1.41,
2015-11-02,2.5614,2.9032,3.0525,3.7512,0.4911,,0.77,1.57,2.2,2.95,1.43,
2015-11-03,2.5845,2.9284,3.08,3.7792,0.4955,,0.8,1.59,2.23,3.0,1.43,
2015-11-04,2.6075,2.9734,3.1351,3.8343,0.5276,,0.84,1.64,2.25,3.0,1.41,
2015-11-05,2.6099,2.9657,3.115,3.8143,0.5051,,0.85,1.65,2.26,3.01,1.41,
2015-11-06,2.6186,2.9647,3.125,3.7909,0.5064,,0.9,1.73,2.34,3.09,1.44,
2015-11-09,2.6887,3.0479,3.2099,3.8758,0.5212,,0.89,1.75,2.36,3.12,1.47,
2015-11-10,2.6964,3.0523,3.2001,3.8659,0.5037,,0.87,1.72,2.32,3.1,1.45,
2015-11-11,2.6978,3.0195,3.1226,3.8159,0.4248,,,,,,,
2015-11-12,2.687,3.0058,3.1351,3.8284,0.4481,,0.89,1.73,2.32,3.09,1.43,
2015-11-13,2.6953,2.9836,3.1251,3.8184,0.4298,,0.86,1.67,2.28,3.06,1.42,
2015-11-16,2.7108,2.9792,3.1352,3.8284,0.4244,,0.88,1.66,2.27,3.07,1.39,
2015-11-17,2.7096,2.9948,3.1252,3.8183,0.4156,,0.86,1.66,2.25,3.04,1.39,
2015-11-18,2.7156,3.0119,3.1402,3.8333,0.4246,,0.9,1.69,2.27,3.04,1.37,
2015-11-19,2.7308,3.0021,3.1402,3.8333,0.4094,,0.91,1.68,2.24,3.0,1.33,
2015-11-20,2.719,2.9786,3.1251,3.8415,0.4061,,0.93,1.7,2.26,3.02,1.33,
2015-11-23,2.7259,2.9892,3.1302,3.8466,0.4043,,0.94,1.7,2.25,3.0,1.31,
2015-11-24,2.7094,2.9638,3.1077,3.8241,0.3983,,0.93,1.66,2.24,3.0,1.31,
2015-11-25,2.725,2.941,3.0853,3.8017,0.3603,,0.93,1.66,2.23,3.0,1.3,
2015-11-26,2.7235,2.909,3.0503,3.8273,0.3268,,,,,,,
2015-11-27,2.7127,2.9005,3.0603,3.8373,0.3476,,0.92,1.64,2.22,3.0,1.3,
2015-11-30,2.715,2.8843,3.0404,3.8173,0.3254,,0.94,1.65,2.21,2.98,1.27,
2015-12-01,2.6881,2.8884,3.0504,3.8273,0.3623,,0.91,1.59,2.15,2.91,1.24,
2015-12-02,2.6813,2.9003,3.0454,3.8223,0.3641,,0.94,1.63,2.18,2.91,1.24,
2015-12-03,2.6353,2.8656,3.0304,3.8073,0.3951,,0.96,1.74,2.33,3.07,1.37,
2015-12-04,2.6213,2.8661,3.0254,3.8038,0.4041,,0.96,1.71,2.28,3.01,1.32,
2015-12-07,2.6241,2.8651,3.028,3.8064,0.4039,,0.94,1.67,2.23,2.95,1.29,
2015-12-08,2.6053,2.8393,3.0005,3.7789,0.3952,,0.94,1.68,2.24,2.97,1.3,
2015-12-09,2.6014,2.8226,2.9968,3.7752,0.3954,,0.93,1.64,2.22,2.97,1.29,
2015-12-10,2.5973,2.8277,3.0018,3.7802,0.4045,,0.95,1.68,2.24,2.98,1.29,
2015-12-11,2.5853,2.8178,2.9931,3.7715,0.4078,,0.88,1.56,2.13,2.87,1.25,
2015-12-14,2.6006,2.8434,3.0306,3.809,0.43,,0.97,1.66,2.23,2.96,1.26,
2015-12-15,2.6023,2.8263,3.0157,3.7941,0.4134,,0.98,1.71,2.28,3.0,1.3,
2015-12-16,2.5784,2.82,3.0007,3.7791,0.4223,,1.02,1.75,2.3,3.02,1.28,
2015-12-17,2.5608,2.7667,2.9857,3.7643,0.4249,,1.0,1.73,2.24,2.94,1.24,
2015-12-18,2.5355,2.7344,2.9408,3.735,0.4053,,0.97,1.67,2.19,2.9,1.22,
2015-12-21,2.4752,2.6996,2.8811,3.7052,0.4059,,0.96,1.67,2.2,2.92,1.24,
2015-12-22,2.4513,2.6629,2.861,3.6852,0.4097,,0.99,1.71,2.24,2.96,1.25,
2015-12-23,2.4605,2.6794,2.846,3.6702,0.3855,,1.01,1.74,2.27,3.0,1.26,
2015-12-24,2.4452,2.663,2.801,3.6252,0.3558,,1.03,1.73,2.25,2.96,1.22,
2015-12-25,2.4355,2.6565,2.8061,3.6303,0.3706,,,,,,,
2015-12-28,2.4268,2.6585,2.7961,3.6203,0.3693,,1.05,1.73,2.24,2.95,1.19,
2015-12-29,2.4128,2.66,2.8061,3.6303,0.3933,,1.09,1.81,2.32,3.04,1.23,
2015-12-30,2.4204,2.7014,2.8261,3.6172,0.4057,,1.08,1.8,2.31,3.04,1.23,
2015-12-31,2.4235,2.7014,2.8212,3.6123,0.3977,7.0,1.06,1.76,2.27,3.01,1.21,2.9
2016-01-04,2.4598,2.7488,2.871,3.6246,0.4112,,1.02,1.73,2.24,2.98,1.22,
2016-01-05,2.4944,2.7871,2.8911,3.6446,0.3967,,1.04,1.73,2.25,3.01,1.21,
2016-01-06,2.5038,2.7598,2.8861,3.6155,0.3823,,0.99,1.65,2.18,2.94,1.19,
2016-01-07,2.4928,2.7538,2.8511,3.5718,0.3583,,0.96,1.61,2.16,2.92,1.2,
2016-01-08,2.479,2.7347,2.8362,3.5537,0.3572,,0.94,1.57,2.13,2.91,1.19,
2016-01-11,2.4683,2.693,2.8187,3.5362,0.3504,,0.94,1.58,2.17,2.96,1.23,
2016-01-12,2.4384,2.662,2.7887,3.4859,0.3503,,0.93,1.55,2.12,2.89,1.19,
2016-01-13,2.4048,2.6005,2.7237,3.4234,0.3189,,0.91,1.51,2.08,2.85,1.17,
2016-01-14,2.4043,2.6084,2.7513,3.4509,0.347,,0.9,1.52,2.1,2.9,1.2,
2016-01-15,2.4336,2.628,2.7464,3.4467,0.3128,,0.85,1.46,2.03,2.81,1.18,
2016-01-18,2.4282,2.6431,2.7764,3.4766,0.3482,,,,,,,
2016-01-19,2.4361,2.6643,2.7964,3.4966,0.3603,,0.88,1.49,2.06,2.82,1.18,
2016-01-20,2.469,2.6934,2.8114,3.5116,0.3424,,0.85,1.44,2.01,2.77,1.16,
2016-01-21,2.4682,2.6714,2.7914,3.4917,0.3232,,0.84,1.44,2.02,2.79,1.18,
2016-01-22,2.4427,2.6657,2.7741,3.4744,0.3314,,0.88,1.49,2.07,2.83,1.19,
2016-01-25,2.4802,2.7514,2.859,3.5594,0.3788,,0.88,1.47,2.03,2.8,1.15,
2016-01-26,2.4759,2.7633,2.8616,3.5519,0.3857,,0.85,1.45,2.01,2.79,1.16,
2016-01-27,2.4919,2.7994,2.9016,3.5919,0.4097,,0.84,1.43,2.02,2.8,1.18,
2016-01-28,2.4991,2.7814,2.8866,3.5839,0.3875,,0.83,1.4,2.0,2.79,1.17,
2016-01-29,2.4772,2.7492,2.8419,3.5391,0.3647,,0.76,1.33,1.94,2.75,1.18,
2016-02-01,2.4334,2.7257,2.8368,3.5339,0.4034,,0.81,1.38,1.97,2.77,1.16,
2016-02-02,2.4465,2.7495,2.8818,3.5789,0.4353,,0.75,1.28,1.87,2.67,1.12,
2016-02-03,2.4475,2.7508,2.8918,3.589,0.4443,,0.72,1.27,1.88,2.7,1.16,
2016-02-04,2.4269,2.7312,2.855,3.5282,0.4281,,0.7,1.25,1.87,2.7,1.17,
2016-02-05,2.4339,2.7279,2.8535,3.5267,0.4196,,0.74,1.25,1.86,2.68,1.12,
2016-02-06,2.4362,2.7393,2.8535,3.5267,0.4173,,,,,,,
2016-02-08,,,,,,,0.66,1.16,1.75,2.56,1.09,
2016-02-09,,,,,,,0.69,1.15,1.74,2.55,1.05,
2016-02-10,,,,,,,0.71,1.15,1.71,2.53,1.0,
2016-02-11,,,,,,,0.64,1.11,1.63,2.5,0.99,
2016-02-12,,,,,,,0.71,1.2,1.74,2.6,1.03,
2016-02-14,2.4326,2.684,2.8221,3.4953,0.3895,,,,,,,
2016-02-15,2.4585,2.6797,2.8371,3.5103,0.3786,,,,,,,
2016-02-16,2.4704,2.7089,2.8376,3.5108,0.3672,,0.74,1.23,1.78,2.64,1.04,
2016-02-17,2.4238,2.7144,2.8351,3.5021,0.4113,,0.74,1.26,1.81,2.68,1.07,
2016-02-18,2.4142,2.7053,2.8351,3.5021,0.4209,,0.71,1.21,1.75,2.62,1.04,
2016-02-19,2.4043,2.7001,2.8251,3.4937,0.4208,,0.76,1.24,1.76,2.61,1.0,
2016-02-22,2.4289,2.6687,2.8426,3.4951,0.4137,,0.78,1.25,1.77,2.62,0.99,
2016-02-23,2.4208,2.6579,2.8451,3.4976,0.4243,,0.76,1.23,1.74,2.6,0.98,
2016-02-24,2.4084,2.6498,2.8676,3.5201,0.4592,,0.75,1.21,1.75,2.61,1.0,
2016-02-25,2.4177,2.6651,2.8651,3.5457,0.4474,,0.72,1.16,1.71,2.58,0.99,
2016-02-26,2.4266,2.6499,2.8551,3.5257,0.4285,,0.8,1.23,1.76,2.63,0.96,
2016-02-29,2.416,2.6454,2.8502,3.5088,0.4342,,0.78,1.22,1.74,2.61,0.96,
2016-03-01,2.3876,2.6202,2.8527,3.4903,0.4651,,0.85,1.31,1.83,2.7,0.98,
2016-03-02,2.3756,2.6217,2.8752,3.4775,0.4996,,0.85,1.34,1.84,2.69,0.99,
2016-03-03,2.375,2.6376,2.9002,3.4724,0.5252,,0.85,1.33,1.83,2.65,0.98,
2016-03-04,2.3384,2.6277,2.8952,3.4679,0.5568,,0.88,1.38,1.88,2.7,1.0,
2016-03-07,2.3539,2.6494,2.9303,3.503,0.5764,,0.91,1.42,1.91,2.71,1.0,
2016-03-08,2.3588,2.6602,2.9352,3.5018,0.5764,,0.88,1.34,1.83,2.63,0.95,
2016-03-09,2.3664,2.6244,2.8928,3.4618,0.5264,,0.9,1.39,1.9,2.68,1.0,
2016-03-10,2.3622,2.6049,2.8653,3.4293,0.5031,,0.93,1.45,1.93,2.7,1.0,
2016-03-11,2.3404,2.5727,2.8453,3.465,0.5049,,0.97,1.49,1.98,2.75,1.01,
2016-03-14,2.2611,2.5891,2.8504,3.4538,0.5893,,0.97,1.49,1.97,2.74,1.0,
2016-03-15,2.2465,2.5839,2.8404,3.4438,0.5939,,0.98,1.5,1.97,2.73,0.99,
2016-03-16,2.2153,2.5593,2.8054,3.4088,0.5901,,0.87,1.41,1.94,2.73,1.07,
2016-03-17,2.2048,2.566,2.8154,3.3971,0.6106,,0.87,1.39,1.91,2.69,1.04,
2016-03-18,2.1809,2.5554,2.8229,3.3834,0.642,,0.84,1.34,1.88,2.68,1.04,
2016-03-21,2.2093,2.5684,2.8305,3.3617,0.6212,,0.87,1.38,1.92,2.72,1.05,
2016-03-22,2.2348,2.5639,2.8304,3.3617,0.5956,,0.91,1.42,1.94,2.72,1.03,
2016-03-23,2.1863,2.5489,2.8307,3.3617,0.6444,,0.87,1.37,1.88,2.65,1.01,
2016-03-24,2.1852,2.5298,2.8309,3.3617,0.6457,,0.89,1.39,1.91,2.67,1.02,
2016-03-25,2.1597,2.5181,2.8311,3.3465,0.6714,,,,,,,
2016-03-28,2.1902,2.5339,2.8665,3.3365,0.6763,,0.89,1.37,1.89,2.66,1.0,
2016-03-29,2.1941,2.5153,2.851,3.3288,0.6569,,0.78,1.29,1.81,2.6,1.03,
2016-03-30,2.1774,2.4718,2.8362,3.3188,0.6588,,0.76,1.26,1.83,2.65,1.07,
2016-03-31,2.1848,2.472,2.8419,3.3175,0.6571,,0.73,1.21,1.78,2.61,1.05,
2016-04-01,2.1917,2.4716,2.8422,3.3176,0.6505,,0.76,1.24,1.79,2.62,1.03,
2016-04-04,,,,,,,0.75,1.22,1.78,2.6,1.03,
2016-04-05,2.1877,2.4876,2.8637,3.3391,0.676,,0.72,1.17,1.73,2.54,1.01,
2016-04-06,2.2106,2.4964,2.8689,3.3443,0.6583,,0.73,1.2,1.76,2.58,1.03,
2016-04-07,2.2427,2.4947,2.9049,3.3803,0.6622,,0.7,1.14,1.7,2.52,1.0,
2016-04-08,2.2642,2.5044,2.9158,3.3803,0.6516,,0.7,1.16,1.72,2.55,1.02,
2016-04-11,2.2742,2.521,2.9091,3.3803,0.6349,,0.7,1.16,1.73,2.56,1.03,
2016-04-12,2.294,2.526,2.91,3.3708,0.616,,0.74,1.22,1.79,2.61,1.05,
2016-04-13,2.3328,2.6179,2.9271,3.3879,0.5943,,0.75,1.22,1.77,2.58,1.02,
2016-04-14,2.3399,2.645,2.9352,3.3879,0.5953,,0.77,1.26,1.8,2.61,1.03,
2016-04-15,2.3432,2.6335,2.9151,3.3678,0.5719,,0.74,1.22,1.76,2.56,1.02,
2016-04-18,2.3236,2.6258,2.9047,3.358,0.5811,,0.75,1.24,1.78,2.58,1.03,
2016-04-19,2.3151,2.6391,2.906,3.3593,0.5909,,0.77,1.26,1.79,2.6,1.02,
2016-04-20,2.3375,2.6969,2.9258,3.3791,0.5883,,0.8,1.32,1.85,2.66,1.05,
2016-04-21,2.3418,2.7022,2.9208,3.3741,0.579,,0.82,1.35,1.88,2.69,1.06,
2016-04-22,2.3729,2.7173,2.9309,3.4487,0.558,,0.84,1.37,1.89,2.7,1.05,
2016-04-25,2.4597,2.7983,2.9362,3.5233,0.4765,,0.85,1.38,1.91,2.72,1.06,
2016-04-26,2.4387,2.7635,2.9212,3.5083,0.4825,,0.86,1.4,1.94,2.76,1.08,
2016-04-27,2.4043,2.7334,2.9108,3.4982,0.5065,,0.83,1.33,1.87,2.71,1.04,
2016-04-28,2.3993,2.7436,2.8863,3.4737,0.487,,0.78,1.28,1.84,2.68,1.06,
2016-04-29,2.4384,2.7282,2.8913,3.4737,0.4529,,0.77,1.28,1.83,2.66,1.06,
2016-05-02,,,,,,,0.8,1.32,1.88,2.71,1.08,
2016-05-03,2.4001,2.7092,2.889,3.4801,0.4889,,0.75,1.25,1.81,2.66,1.06,
2016-05-04,2.4538,2.719,2.8965,3.5003,0.4427,,0.75,1.23,1.79,2.64,1.04,
2016-05-05,2.4808,2.7194,2.9017,3.5103,0.4209,,0.72,1.2,1.76,2.6,1.04,
2016-05-06,2.492,2.7243,2.9016,3.5003,0.4096,,0.74,1.23,1.79,2.62,1.05,
2016-05-09,2.4933,2.6895,2.8818,3.4803,0.3885,,0.72,1.2,1.77,2.61,1.05,
2016-05-10,2.453,2.6951,2.9,3.4985,0.447,,0.72,1.2,1.77,2.61,1.05,
2016-05-11,2.4305,2.7137,2.9075,3.4985,0.477,,0.74,1.2,1.73,2.58,0.99,
2016-05-12,2.3905,2.7018,2.8975,3.4885,0.507,,0.76,1.24,1.75,2.6,0.99,
2016-05-13,2.3813,2.7023,2.905,3.4923,0.5237,,0.76,1.22,1.71,2.55,0.95,
2016-05-16,2.4099,2.712,2.9275,3.5148,0.5176,,0.79,1.26,1.75,2.59,0.96,
2016-05-17,2.4056,2.7201,2.93,3.5173,0.5244,,0.82,1.29,1.76,2.59,0.94,
2016-05-18,2.4342,2.7661,2.955,3.5173,0.5208,,0.9,1.41,1.87,2.67,0.97,
2016-05-19,2.4418,2.7663,2.96,3.5223,0.5182,,0.89,1.38,1.85,2.64,0.96,
2016-05-20,2.4283,2.7408,2.95,3.5309,0.5217,,0.89,1.38,1.85,2.63,0.96,
2016-05-23,2.4191,2.7521,2.955,3.547,0.5359,,0.91,1.38,1.84,2.63,0.93,
2016-05-24,2.4421,2.7471,2.935,3.527,0.4929,,0.92,1.41,1.86,2.65,0.94,
2016-05-25,2.4395,2.7453,2.9401,3.5336,0.5006,,0.92,1.4,1.87,2.67,0.95,
2016-05-26,2.4501,2.7571,2.9401,3.5336,0.49,,0.87,1.35,1.83,2.64,0.96,
2016-05-27,2.4628,2.7593,2.9451,3.5336,0.4823,,0.9,1.39,1.85,2.65,0.95,
2016-05-30,2.4711,2.7561,2.9776,3.5336,0.5065,,,,,,,
2016-05-31,2.4638,2.7513,2.9851,3.5411,0.5213,,0.87,1.37,1.84,2.64,0.97,
2016-06-01,2.4978,2.7519,2.9952,3.5461,0.4974,,0.91,1.39,1.85,2.63,0.94,
2016-06-02,2.5346,2.7649,3.0127,3.5461,0.4781,,0.89,1.36,1.81,2.58,0.92,
2016-06-03,2.558,2.7833,3.0152,3.5331,0.4572,,0.78,1.23,1.71,2.52,0.93,
2016-06-06,2.5542,2.771,3.0041,3.522,0.4499,,0.8,1.25,1.73,2.55,0.93,
2016-06-07,2.5484,2.7815,3.0071,3.525,0.4587,,0.78,1.23,1.72,2.54,0.94,
2016-06-08,2.5564,2.8161,3.0077,3.5257,0.4513,,0.78,1.23,1.71,2.51,0.93,
2016-06-09,,,,,,,0.77,1.22,1.68,2.48,0.91,
2016-06-10,,,,,,,0.73,1.17,1.64,2.44,0.91,
2016-06-12,2.5618,2.8076,3.0053,3.5156,0.4435,,,,,,,
2016-06-13,2.555,2.814,2.9979,3.5082,0.4429,,0.73,1.14,1.62,2.43,0.89,
2016-06-14,2.5438,2.7818,2.9654,3.4757,0.4216,,0.74,1.15,1.62,2.43,0.88,
2016-06-15,2.5393,2.7744,2.9604,3.4707,0.4211,,0.69,1.1,1.6,2.43,0.91,
2016-06-16,2.5267,2.7612,2.9455,3.4558,0.4188,,0.7,1.1,1.57,2.39,0.87,
2016-06-17,2.5232,2.7611,2.9379,3.4482,0.4147,,0.7,1.13,1.62,2.43,0.92,
2016-06-20,2.54,2.7705,2.9481,3.4583,0.4081,,0.74,1.17,1.67,2.47,0.93,
2016-06-21,2.538,2.7735,2.9405,3.458,0.4025,,0.76,1.22,1.71,2.5,0.95,
2016-06-22,2.5143,2.751,2.9307,3.4482,0.4164,,0.75,1.2,1.69,2.5,0.94,
2016-06-23,2.5071,2.7497,2.9307,3.4611,0.4236,,0.78,1.25,1.74,2.55,0.96,
2016-06-24,2.5138,2.7079,2.8808,3.5161,0.367,,0.64,1.08,1.57,2.42,0.93,
2016-06-27,2.5028,2.6726,2.831,3.54,0.3282,,0.61,1.0,1.46,2.28,0.85,
2016-06-28,2.511,2.6856,2.861,3.5299,0.35,,0.61,1.0,1.46,2.27,0.85,
2016-06-29,2.5148,2.6937,2.8586,3.5435,0.3438,,0.62,1.03,1.5,2.3,0.88,
2016-06-30,2.4869,2.6865,2.8411,3.5348,0.3542,,0.58,1.01,1.49,2.3,0.91,
2016-07-01,2.4494,2.6556,2.8038,3.5248,0.3544,,0.59,1.0,1.46,2.24,0.87,
2016-07-04,2.4457,2.6715,2.8314,3.5324,0.3857,,,,,,,
2016-07-05,2.4274,2.6829,2.8514,3.525,0.424,,0.56,0.94,1.37,2.14,0.81,
2016-07-06,2.4171,2.6669,2.8365,3.525,0.4194,,0.58,0.95,1.38,2.14,0.8,
2016-07-07,2.4117,2.6479,2.8066,3.5075,0.3949,,0.58,0.97,1.4,2.14,0.82,
2016-07-08,2.4047,2.6493,2.8016,3.5025,0.3969,,0.61,0.95,1.37,2.11,0.76,
2016-07-11,2.4116,2.6586,2.8268,3.4778,0.4152,,0.66,1.03,1.43,2.14,0.77,
2016-07-12,2.4147,2.6805,2.8368,3.4803,0.4221,,0.69,1.1,1.53,2.24,0.84,
2016-07-13,2.451,2.7014,2.8494,3.4928,0.3984,,0.68,1.07,1.48,2.18,0.8,
2016-07-14,2.4259,2.6942,2.8395,3.4978,0.4136,,0.68,1.1,1.53,2.25,0.85,
2016-07-15,2.4407,2.6818,2.8271,3.4931,0.3864,,0.71,1.15,1.6,2.3,0.89,
2016-07-18,2.4233,2.6775,2.8271,3.4831,0.4038,,0.68,1.14,1.59,2.3,0.91,
2016-07-19,2.4284,2.656,2.8197,3.4756,0.3913,,0.7,1.12,1.56,2.27,0.86,
2016-07-20,2.4036,2.621,2.7996,3.4227,0.396,,0.73,1.15,1.59,2.3,0.86,
2016-07-21,2.3692,2.6012,2.7806,3.3532,0.4114,,0.7,1.11,1.57,2.29,0.87,
2016-07-22,2.3803,2.5965,2.7907,3.3987,0.4104,,0.71,1.13,1.57,2.29,0.86,
2016-07-25,2.386,2.5917,2.8068,3.4213,0.4208,,0.72,1.15,1.58,2.29,0.86,
2016-07-26,2.3864,2.5919,2.7913,3.4165,0.4049,,0.75,1.15,1.57,2.28,0.82,
2016-07-27,2.3689,2.5821,2.7967,3.3836,0.4278,,0.73,1.1,1.52,2.23,0.79,
2016-07-28,2.3609,2.5825,2.7867,3.3712,0.4258,,0.72,1.09,1.52,2.23,0.8,
2016-07-29,2.3628,2.5827,2.7768,3.3486,0.414,,0.67,1.03,1.46,2.18,0.79,
2016-08-01,2.3576,2.5831,2.783,3.3433,0.4254,,0.67,1.06,1.51,2.24,0.84,
2016-08-02,2.3626,2.584,2.7792,3.3434,0.4166,,0.67,1.07,1.55,2.29,0.88,
2016-08-03,2.3331,2.5793,2.7718,3.3425,0.4387,,0.67,1.07,1.55,2.29,0.88,
2016-08-04,2.3004,2.5796,2.7694,3.343,0.469,,0.64,1.03,1.51,2.25,0.87,
2016-08-05,2.2903,2.5547,2.7534,3.3365,0.4631,,0.72,1.13,1.59,2.32,0.87,
2016-08-08,2.2931,2.5553,2.7472,3.3088,0.4541,,0.74,1.15,1.59,2.3,0.85,
2016-08-09,2.2801,2.5306,2.7125,3.2638,0.4324,,0.71,1.11,1.55,2.25,0.84,
2016-08-10,2.267,2.5003,2.695,3.2502,0.428,,0.69,1.07,1.5,2.23,0.81,
2016-08-11,2.2478,2.4872,2.6875,3.2453,0.4397,,0.76,1.16,1.57,2.28,0.81,
2016-08-12,2.2603,2.4752,2.6701,3.2041,0.4098,,0.71,1.1,1.51,2.23,0.8,
2016-08-15,2.2365,2.4656,2.6401,3.1679,0.4036,,0.72,1.14,1.55,2.27,0.83,
2016-08-16,2.1988,2.4763,2.6651,3.1942,0.4663,,0.76,1.16,1.57,2.29,0.81,
2016-08-17,2.2012,2.4974,2.6901,3.2183,0.4889,,0.74,1.15,1.56,2.27,0.82,
2016-08-18,2.1916,2.5059,2.6801,3.222,0.4885,,0.71,1.12,1.53,2.26,0.82,
2016-08-19,2.2095,2.5264,2.7001,3.2606,0.4906,,0.76,1.17,1.58,2.29,0.82,
2016-08-22,2.2269,2.5079,2.6801,3.2408,0.4532,,0.76,1.15,1.55,2.24,0.79,
2016-08-23,2.2247,2.5445,2.7201,3.2859,0.4954,,0.74,1.15,1.55,2.24,0.81,
2016-08-24,2.2286,2.5595,2.7301,3.2959,0.5015,,0.76,1.13,1.56,2.24,0.8,
2016-08-25,2.2563,2.5489,2.7201,3.2963,0.4638,,0.78,1.16,1.58,2.27,0.8,
2016-08-26,2.267,2.5435,2.6927,3.2799,0.4257,,0.84,1.23,1.62,2.29,0.78,
2016-08-29,2.2655,2.5611,2.7064,3.2867,0.4409,,0.81,1.18,1.57,2.22,0.76,
2016-08-30,2.2539,2.5663,2.7527,3.3241,0.4988,,0.8,1.18,1.57,2.23,0.77,
2016-08-31,2.2393,2.5713,2.7425,3.3102,0.5032,,0.8,1.19,1.58,2.23,0.78,
2016-09-01,2.254,2.5622,2.7452,3.3142,0.4912,,0.78,1.18,1.57,2.23,0.79,
2016-09-02,2.265,2.5619,2.7452,3.3043,0.4802,,0.8,1.2,1.6,2.28,0.8,
2016-09-05,2.2646,2.5733,2.7503,3.3137,0.4857,,,,,,,
2016-09-06,2.2809,2.5728,2.7628,3.3158,0.4819,,0.74,1.13,1.55,2.24,0.81,
2016-09-07,2.2672,2.5731,2.7853,3.3183,0.5181,,0.74,1.12,1.54,2.23,0.8,
2016-09-08,2.2836,2.5739,2.7753,3.3058,0.4917,,0.78,1.19,1.61,2.32,0.83,
2016-09-09,2.2958,2.5632,2.7678,3.2858,0.472,,0.79,1.23,1.67,2.39,0.88,
2016-09-12,2.329,2.5782,2.7916,3.2909,0.4626,,0.79,1.21,1.68,2.4,0.89,
2016-09-13,2.3132,2.5732,2.7654,3.2835,0.4522,,0.8,1.26,1.73,2.47,0.93,
2016-09-14,2.3115,2.5708,2.7579,3.2808,0.4464,,0.77,1.21,1.7,2.44,0.93,
2016-09-15,,,,,,,0.74,1.2,1.71,2.48,0.97,
2016-09-16,,,,,,,0.77,1.21,1.7,2.44,0.93,
2016-09-18,2.3259,2.5748,2.7655,3.2786,0.4396,,,,,,,
2016-09-19,2.3076,2.5699,2.7605,3.2763,0.4529,,0.79,1.22,1.7,2.45,0.91,
2016-09-20,2.2836,2.568,2.7431,3.2701,0.4595,,0.79,1.2,1.69,2.43,0.9,
2016-09-21,2.2885,2.571,2.7518,3.2689,0.4633,,0.79,1.2,1.66,2.39,0.87,
2016-09-22,2.2656,2.5639,2.7456,3.2564,0.48,,0.79,1.18,1.63,2.34,0.84,
2016-09-23,2.2535,2.5529,2.7318,3.2088,0.4783,,0.77,1.16,1.62,2.34,0.85,
2016-09-26,2.2545,2.5474,2.7157,3.2065,0.4612,,0.76,1.13,1.59,2.32,0.83,
2016-09-27,2.26,2.5536,2.7144,3.204,0.4544,,0.75,1.12,1.56,2.28,0.81,
2016-09-28,2.253,2.5609,2.7244,3.2103,0.4714,,0.75,1.13,1.57,2.29,0.82,
2016-09-29,2.265,2.5552,2.7282,3.204,0.4632,,0.73,1.12,1.56,2.28,0.83,
2016-09-30,2.2609,2.5489,2.7258,3.1901,0.4649,,0.77,1.14,1.6,2.32,0.83,
2016-10-03,,,,,,,0.8,1.18,1.63,2.34,0.83,
2016-10-04,,,,,,,0.82,1.22,1.69,2.4,0.87,
2016-10-05,,,,,,,0.85,1.26,1.72,2.44,0.87,
2016-10-06,,,,,,,0.86,1.28,1.75,2.46,0.89,
2016-10-07,,,,,,,0.83,1.26,1.73,2.46,0.9,
2016-10-08,2.2571,2.5447,2.7047,3.1768,0.4476,,,,,,,
2016-10-09,2.2625,2.5174,2.676,3.1617,0.4135,,,,,,,
2016-10-10,2.2499,2.5134,2.6735,3.1565,0.4236,,,,,,,
2016-10-11,2.2515,2.514,2.6835,3.1619,0.432,,0.87,1.3,1.77,2.5,0.9,
2016-10-12,2.256,2.5197,2.7098,3.1716,0.4538,,0.87,1.31,1.79,2.51,0.92,
2016-10-13,2.2452,2.5263,2.701,3.164,0.4558,,0.85,1.27,1.75,2.48,0.9,
2016-10-14,2.2361,2.4677,2.6952,3.1565,0.4591,,0.84,1.28,1.8,2.55,0.96,
2016-10-17,2.2487,2.4694,2.6904,3.1464,0.4417,,0.81,1.26,1.77,2.52,0.96,
2016-10-18,2.2158,2.4631,2.6965,3.1464,0.4807,,0.82,1.24,1.75,2.51,0.93,
2016-10-19,2.2065,2.4351,2.6664,3.1365,0.4599,,0.81,1.24,1.76,2.51,0.95,
2016-10-20,2.1998,2.4271,2.6518,3.0964,0.452,,0.84,1.26,1.76,2.5,0.92,
2016-10-21,2.2145,2.4056,2.6451,3.0815,0.4306,,0.84,1.25,1.74,2.48,0.9,
2016-10-24,2.232,2.4124,2.6595,3.0914,0.4275,,0.84,1.27,1.77,2.52,0.93,
2016-10-25,2.2178,2.409,2.6859,3.1068,0.4681,,0.86,1.29,1.77,2.5,0.91,
2016-10-26,2.253,2.4556,2.72,3.1264,0.467,,0.86,1.3,1.79,2.53,0.93,
2016-10-27,2.2567,2.446,2.7068,3.1118,0.4501,,0.87,1.33,1.85,2.6,0.98,
2016-10-28,2.2475,2.4412,2.7027,3.1118,0.4552,,0.86,1.33,1.86,2.62,1.0,
2016-10-31,2.2507,2.4518,2.7425,3.1343,0.4918,,0.86,1.31,1.84,2.58,0.98,
2016-11-01,2.2691,2.4519,2.7375,3.1444,0.4684,,0.83,1.3,1.83,2.58,1.0,
2016-11-02,2.2541,2.4367,2.7372,3.1482,0.4831,,0.81,1.26,1.81,2.56,1.0,
2016-11-03,2.2224,2.4421,2.7301,3.142,0.5077,,0.81,1.26,1.82,2.6,1.01,
2016-11-04,2.2164,2.4524,2.7339,3.1395,0.5175,,0.8,1.24,1.79,2.56,0.99,
2016-11-07,2.2258,2.4663,2.7475,3.1671,0.5217,,0.82,1.29,1.83,2.6,1.01,
2016-11-08,2.2289,2.4733,2.7634,3.1973,0.5345,,0.87,1.34,1.88,2.63,1.01,
2016-11-09,2.2292,2.4887,2.7651,3.1898,0.5359,,0.9,1.49,2.07,2.88,1.17,
2016-11-10,2.2295,2.4837,2.7926,3.2071,0.5631,,0.92,1.56,2.15,2.94,1.23,
2016-11-11,2.2426,2.5252,2.815,3.2222,0.5724,,,,,,,
2016-11-14,2.2314,2.5877,2.8577,3.2825,0.6263,,1.0,1.66,2.23,2.99,1.23,
2016-11-15,2.2645,2.6023,2.8501,3.3205,0.5856,,1.02,1.68,2.23,2.97,1.21,
2016-11-16,2.2518,2.6181,2.8652,3.3231,0.6134,,1.0,1.68,2.22,2.92,1.22,
2016-11-17,2.2772,2.6638,2.9055,3.3784,0.6283,,1.04,1.73,2.29,3.01,1.25,
2016-11-18,2.3102,2.6582,2.8901,3.3634,0.5799,,1.07,1.8,2.34,3.01,1.27,
2016-11-21,2.3147,2.6694,2.8851,3.356,0.5704,,1.08,1.79,2.33,3.0,1.25,
2016-11-22,2.2859,2.6592,2.8689,3.3486,0.583,,1.07,1.77,2.31,3.0,1.24,
2016-11-23,2.2879,2.6491,2.8451,3.3135,0.5572,,1.12,1.83,2.36,3.02,1.24,
2016-11-24,2.3034,2.6383,2.8502,3.292,0.5468,,,,,,,
2016-11-25,2.3377,2.6476,2.865,3.2734,0.5273,,1.12,1.83,2.36,3.01,1.24,
2016-11-28,2.3331,2.6587,2.8502,3.2428,0.5171,,1.11,1.8,2.32,2.99,1.21,
2016-11-29,2.3734,2.7096,2.8906,3.2728,0.5172,,1.09,1.78,2.3,2.95,1.21,
2016-11-30,2.4248,2.7282,2.9502,3.2998,0.5254,,1.11,1.83,2.37,3.02,1.26,
2016-12-01,2.4579,2.7839,2.9893,3.3778,0.5314,,1.14,1.9,2.45,3.1,1.31,
2016-12-02,2.4792,2.7892,2.9895,3.3829,0.5103,,1.11,1.84,2.4,3.08,1.29,
2016-12-05,2.4846,2.8131,3.0302,3.3917,0.5456,,1.13,1.84,2.39,3.05,1.26,
2016-12-06,2.4925,2.9062,3.1151,3.4738,0.6226,,1.12,1.84,2.39,3.08,1.27,
2016-12-07,2.5051,2.8955,3.0877,3.4529,0.5826,,1.1,1.8,2.34,3.02,1.24,
2016-12-08,2.5741,2.8635,3.0753,3.448,0.5012,,1.12,1.83,2.4,3.1,1.28,
2016-12-09,2.6394,2.8413,3.0853,3.4476,0.4459,,1.15,1.89,2.47,3.16,1.32,
2016-12-12,2.6325,2.9043,3.1458,3.5027,0.5133,,1.15,1.9,2.49,3.16,1.34,
2016-12-13,2.6622,2.9234,3.1863,3.5833,0.5241,,1.17,1.92,2.48,3.14,1.31,
2016-12-14,2.7416,2.9657,3.2186,3.6331,0.477,,1.27,2.02,2.54,3.14,1.27,
2016-12-15,2.9049,3.0906,3.3315,3.8045,0.4266,,1.29,2.1,2.6,3.16,1.31,
2016-12-16,2.9969,3.0561,3.2803,3.7994,0.2834,,1.28,2.07,2.6,3.19,1.32,
2016-12-19,3.049,3.1483,3.3316,3.8622,0.2826,,1.24,2.03,2.54,3.12,1.3,
2016-12-20,3.1055,3.1906,3.3739,3.8642,0.2684,,1.25,2.06,2.57,3.15,1.32,
2016-12-21,3.0095,3.1374,3.2815,3.8553,0.272,,1.21,2.04,2.55,3.12,1.34,
2016-12-22,3.0034,3.0675,3.1908,3.7757,0.1874,,1.22,2.04,2.55,3.12,1.33,
2016-12-23,2.9077,3.0013,3.1769,3.7528,0.2692,,1.22,2.04,2.55,3.12,1.33,
2016-12-26,2.8999,2.9422,3.1551,3.7428,0.2552,,,,,,,
2016-12-27,2.8422,2.9327,3.1628,3.7355,0.3206,,1.28,2.07,2.57,3.14,1.29,
2016-12-28,2.8439,2.9274,3.1223,3.7153,0.2784,,1.26,2.02,2.51,3.09,1.25,
2016-12-29,2.7538,2.8574,3.0471,3.6646,0.2933,,1.22,1.96,2.49,3.08,1.27,
2016-12-30,2.7042,2.854,3.0115,3.5831,0.3073,,1.2,1.93,2.45,3.06,1.25,
2016-12-31,2.7014,2.854,3.0115,3.5831,0.3101,6.8,,,,,,1.8
2017-01-03,2.7798,2.8877,3.1054,3.6226,0.3256,,1.22,1.94,2.45,3.04,1.23,
2017-01-04,2.7937,2.9339,3.1823,3.6224,0.3886,,1.24,1.94,2.46,3.05,1.22,
2017-01-05,2.8132,2.9306,3.2086,3.651,0.3954,,1.17,1.86,2.37,2.96,1.2,
2017-01-06,2.8047,2.9534,3.1953,3.6337,0.3906,,1.22,1.92,2.42,3.0,1.2,
2017-01-09,2.788,2.9445,3.1692,3.6338,0.3812,,1.21,1.89,2.38,2.97,1.17,
2017-01-10,2.7671,2.9119,3.1792,3.6269,0.4121,,1.19,1.89,2.38,2.97,1.19,
2017-01-11,2.7886,2.9531,3.2055,3.6488,0.4169,,1.2,1.89,2.38,2.96,1.18,
2017-01-12,2.7697,2.9616,3.1888,3.6418,0.4191,,1.18,1.87,2.36,3.01,1.18,
2017-01-13,2.7539,2.9452,3.2022,3.6414,0.4483,,1.21,1.9,2.4,2.99,1.19,
2017-01-16,2.7094,2.9596,3.2496,3.6514,0.5402,,,,,,,
2017-01-17,2.755,2.983,3.2692,3.6818,0.5142,,1.17,1.84,2.33,2.93,1.16,
2017-01-18,2.7297,2.9612,3.2682,3.687,0.5385,,1.23,1.93,2.42,3.0,1.19,
2017-01-19,2.7457,2.9715,3.2584,3.6821,0.5127,,1.25,1.97,2.47,3.04,1.22,
2017-01-20,2.7265,2.9619,3.244,3.6796,0.5175,,1.2,1.95,2.48,3.05,1.28,
2017-01-22,2.7182,2.9645,3.255,3.6796,0.5368,,,,,,,
2017-01-23,2.7367,2.9568,3.2429,3.6721,0.5062,,1.16,1.88,2.41,2.99,1.25,
2017-01-24,2.7404,2.973,3.2837,3.7018,0.5433,,1.21,1.94,2.47,3.05,1.26,
2017-01-25,2.7617,3.0275,3.3463,3.7287,0.5846,,1.23,1.99,2.53,3.1,1.3,
2017-01-26,2.7737,3.0375,3.3465,3.7287,0.5728,,1.21,1.95,2.51,3.08,1.3,
2017-01-27,,,,,,,1.22,1.94,2.49,3.06,1.27,
2017-01-30,,,,,,,1.22,1.94,2.49,3.08,1.27,
2017-01-31,,,,,,,1.19,1.9,2.45,3.05,1.26,
2017-02-01,,,,,,,1.22,1.93,2.48,3.08,1.26,
2017-02-02,,,,,,,1.21,1.92,2.48,3.09,1.27,
2017-02-03,2.8244,3.0791,3.4214,3.7808,0.597,,1.21,1.93,2.49,3.11,1.28,
2017-02-04,2.8507,3.1067,3.4099,3.7701,0.5592,,,,,,,
2017-02-06,2.8969,3.1067,3.4905,3.8405,0.5936,,1.16,1.86,2.42,3.05,1.26,
2017-02-07,2.9465,3.1103,3.4866,3.8403,0.5401,,1.16,1.85,2.4,3.02,1.24,
2017-02-08,2.9368,3.1104,3.4591,3.8507,0.5223,,1.15,1.81,2.34,2.96,1.19,
2017-02-09,2.927,3.0646,3.4148,3.8413,0.4878,,1.2,1.88,2.4,3.02,1.2,
2017-02-10,2.9283,3.0542,3.4368,3.8509,0.5085,,1.2,1.89,2.41,3.01,1.21,
2017-02-13,2.9192,3.0346,3.4192,3.8611,0.5,,1.2,1.92,2.43,3.03,1.23,
2017-02-14,2.926,3.0446,3.4107,3.8612,0.4847,,1.25,1.98,2.47,3.07,1.22,
2017-02-15,2.8975,3.0562,3.4058,3.8764,0.5083,,1.27,2.01,2.51,3.09,1.24,
2017-02-16,2.8844,3.0677,3.3559,3.8611,0.4715,,1.22,1.95,2.45,3.05,1.23,
2017-02-17,2.8657,3.0426,3.3311,3.8364,0.4654,,1.21,1.92,2.42,3.03,1.21,
2017-02-20,2.8333,2.9966,3.2812,3.8044,0.4479,,,,,,,
2017-02-21,2.8103,3.009,3.3013,3.8373,0.491,,1.22,1.93,2.43,3.04,1.21,
2017-02-22,2.789,3.0081,3.2839,3.8019,0.4949,,1.22,1.92,2.42,3.04,1.2,
2017-02-23,2.7748,3.0036,3.2714,3.7818,0.4966,,1.18,1.87,2.38,3.02,1.2,
2017-02-24,2.8078,3.0076,3.2916,3.7918,0.4838,,1.12,1.8,2.31,2.95,1.19,
2017-02-27,2.8264,2.9816,3.2871,3.7897,0.4607,,1.2,1.87,2.36,2.98,1.16,
2017-02-28,2.8328,2.9999,3.2921,3.7971,0.4593,,1.22,1.89,2.36,2.97,1.14,
2017-03-01,2.8371,3.019,3.3252,3.8013,0.4881,,1.29,1.99,2.46,3.06,1.17,
2017-03-02,2.8617,3.045,3.3483,3.785,0.4866,,1.32,2.03,2.49,3.09,1.17,
2017-03-03,2.8847,3.0391,3.3573,3.7798,0.4726,,1.32,2.02,2.49,3.08,1.17,
2017-03-06,2.8691,3.0404,3.3615,3.8101,0.4924,,1.31,2.02,2.49,3.1,1.18,
2017-03-07,2.8947,3.0387,3.3643,3.8088,0.4696,,1.32,2.05,2.52,3.11,1.2,
2017-03-08,2.9185,3.0739,3.4088,3.8199,0.4903,,1.36,2.08,2.57,3.15,1.21,
2017-03-09,2.9122,3.1016,3.4151,3.8202,0.5029,,1.37,2.13,2.6,3.19,1.23,
2017-03-10,2.8997,3.1507,3.4156,3.8152,0.5159,,1.36,2.11,2.58,3.16,1.22,
2017-03-13,2.8561,3.1363,3.3851,3.8052,0.529,,1.4,2.14,2.62,3.2,1.22,
2017-03-14,2.8907,3.1198,3.3653,3.8075,0.4746,,1.4,2.13,2.6,3.17,1.2,
2017-03-15,2.896,3.12,3.3524,3.8102,0.4564,,1.33,2.02,2.51,3.11,1.18,
2017-03-16,2.9056,3.101,3.3097,3.7815,0.4041,,1.35,2.05,2.53,3.14,1.18,
2017-03-17,2.9132,3.1135,3.3124,3.7927,0.3992,,1.33,2.03,2.5,3.11,1.17,
2017-03-20,2.8929,3.1204,3.3141,3.8055,0.4212,,1.3,2.0,2.47,3.08,1.17,
2017-03-21,2.9544,3.1441,3.3141,3.8103,0.3597,,1.27,1.96,2.43,3.04,1.16,
2017-03-22,2.9543,3.1523,3.3068,3.8004,0.3525,,1.27,1.95,2.4,3.02,1.13,
2017-03-23,2.9704,3.1424,3.3034,3.8055,0.333,,1.26,1.95,2.41,3.02,1.15,
2017-03-24,2.953,3.104,3.2529,3.7779,0.2999,,1.26,1.93,2.4,3.0,1.14,
2017-03-27,2.9556,3.0824,3.2451,3.7629,0.2895,,1.27,1.93,2.38,2.98,1.11,
2017-03-28,2.9388,3.0758,3.2626,3.7604,0.3238,,1.3,1.97,2.42,3.02,1.12,
2017-03-29,2.9393,3.0757,3.2695,3.7605,0.3302,,1.26,1.93,2.39,2.99,1.13,
2017-03-30,2.9239,3.0831,3.289,3.7605,0.3651,,1.28,1.96,2.42,3.03,1.14,
2017-03-31,2.9308,3.0782,3.2828,3.7604,0.352,,1.27,1.93,2.4,3.02,1.13,
2017-04-01,2.953,3.0844,3.273,3.7506,0.32,,,,,,,
2017-04-03,,,,,,,1.24,1.88,2.35,2.98,1.11,
2017-04-04,,,,,,,1.25,1.88,2.36,2.99,1.11,
2017-04-05,2.9929,3.0883,3.3102,3.7555,0.3173,,1.24,1.85,2.34,2.98,1.1,
2017-04-06,2.996,3.1096,3.3109,3.7604,0.3149,,1.24,1.87,2.34,2.99,1.1,
2017-04-07,3.0069,3.0888,3.2966,3.7554,0.2897,,1.29,1.92,2.38,3.0,1.09,
2017-04-10,3.0126,3.1107,3.3166,3.7601,0.304,,1.29,1.91,2.37,2.99,1.08,
2017-04-11,3.0158,3.1259,3.3209,3.7526,0.3051,,1.24,1.84,2.32,2.93,1.08,
2017-04-12,3.0099,3.1648,3.3283,3.7651,0.3184,,1.24,1.81,2.28,2.92,1.04,
2017-04-13,3.0123,3.1595,3.322,3.7501,0.3097,,1.21,1.77,2.24,2.89,1.03,
2017-04-14,3.0504,3.175,3.3599,3.7652,0.3095,,,,,,,
2017-04-17,3.079,3.2508,3.416,3.7954,0.337,,1.21,1.79,2.26,2.92,1.05,
2017-04-18,3.1135,3.2608,3.4064,3.8152,0.2929,,1.18,1.71,2.18,2.84,1.0,
2017-04-19,3.1184,3.2709,3.4065,3.8198,0.2881,,1.19,1.74,2.21,2.87,1.02,
2017-04-20,3.1319,3.2761,3.424,3.8352,0.2921,,1.21,1.78,2.24,2.89,1.03,
2017-04-21,3.1412,3.3215,3.4614,3.8668,0.3202,,1.2,1.77,2.24,2.89,1.04,
2017-04-24,3.1554,3.3776,3.4991,3.9002,0.3437,,1.25,1.81,2.28,2.93,1.03,
2017-04-25,3.1629,3.3372,3.4568,3.895,0.2939,,1.29,1.87,2.35,2.99,1.06,
2017-04-26,3.2118,3.3419,3.4519,3.8952,0.2401,,1.28,1.84,2.32,2.97,1.04,
2017-04-27,3.2165,3.3343,3.4494,3.8902,0.2329,,1.25,1.81,2.3,2.96,1.05,
2017-04-28,3.2148,3.3417,3.4668,3.8902,0.252,,1.28,1.81,2.29,2.96,1.01,
2017-05-01,,,,,,,1.28,1.84,2.33,3.0,1.05,
2017-05-02,3.2932,3.3718,3.487,3.8952,0.1938,,1.27,1.81,2.29,2.97,1.02,
2017-05-03,3.342,3.4117,3.5219,3.9156,0.1799,,1.3,1.86,2.33,2.97,1.03,
2017-05-04,3.413,3.4663,3.5517,3.9102,0.1387,,1.32,1.88,2.36,3.0,1.04,
2017-05-05,3.4245,3.4813,3.5592,3.9101,0.1347,,1.32,1.89,2.36,2.99,1.04,
2017-05-08,3.4826,3.5361,3.6042,3.9208,0.1216,,1.33,1.91,2.39,3.02,1.06,
2017-05-09,3.5054,3.5921,3.6325,3.9409,0.1271,,1.37,1.94,2.42,3.04,1.05,
2017-05-10,3.5599,3.6819,3.69,3.9609,0.1301,,1.35,1.94,2.41,3.03,1.06,
2017-05-11,3.5701,3.6309,3.64,3.9402,0.0699,,1.35,1.93,2.39,3.03,1.04,
2017-05-12,3.6247,3.6542,3.6525,3.9608,0.0278,,1.29,1.85,2.33,2.98,1.04,
2017-05-15,3.5773,3.6259,3.61,3.9709,0.0327,,1.31,1.86,2.34,3.0,1.03,
2017-05-16,3.5864,3.6454,3.6225,3.9759,0.0361,,1.29,1.86,2.33,2.99,1.04,
2017-05-17,3.6557,3.68,3.6275,4.0008,-0.0282,,1.26,1.76,2.22,2.91,0.96,
2017-05-18,3.6451,3.6454,3.6075,4.0127,-0.0376,,1.27,1.78,2.23,2.9,0.96,
2017-05-19,3.6652,3.6823,3.625,4.0023,-0.0402,,1.28,1.79,2.23,2.9,0.95,
2017-05-22,3.6945,3.7204,3.6601,4.0163,-0.0344,,1.29,1.8,2.25,2.91,0.96,
2017-05-23,3.683,3.7053,3.6725,4.0192,-0.0105,,1.31,1.84,2.29,2.95,0.98,
2017-05-24,3.6517,3.6604,3.6601,4.018,0.0084,,1.29,1.79,2.26,2.92,0.97,
2017-05-25,3.6159,3.6454,3.6476,4.0012,0.0317,,1.3,1.78,2.25,2.92,0.95,
2017-05-26,3.6096,3.6557,3.6501,4.011,0.0405,,1.3,1.79,2.25,2.92,0.95,
2017-05-27,3.5984,3.64,3.6499,4.0111,0.0515,,,,,,,
2017-05-30,,,,,,,1.28,1.76,2.21,2.88,0.93,
2017-05-31,3.5606,3.5758,3.6102,3.9997,0.0496,,1.28,1.75,2.21,2.87,0.93,
2017-06-01,3.5667,3.571,3.6152,4.0009,0.0485,,1.28,1.76,2.21,2.87,0.93,
2017-06-02,3.5791,3.5709,3.6277,4.0023,0.0486,,1.28,1.71,2.15,2.8,0.87,
2017-06-05,3.5759,3.5529,3.6152,3.9909,0.0393,,1.32,1.74,2.18,2.84,0.86,
2017-06-06,3.5819,3.5839,3.6328,3.9999,0.0509,,1.3,1.71,2.14,2.81,0.84,
2017-06-07,3.613,3.6015,3.6427,3.9959,0.0297,,1.32,1.74,2.18,2.84,0.86,
2017-06-08,3.6364,3.6369,3.6478,3.9973,0.0114,,1.33,1.75,2.19,2.85,0.86,
2017-06-09,3.6179,3.612,3.6303,3.9874,0.0124,,1.35,1.77,2.21,2.86,0.86,
2017-06-12,3.5735,3.5621,3.5841,3.9425,0.0106,,1.35,1.78,2.21,2.86,0.86,
2017-06-13,3.5762,3.559,3.5754,3.9323,-0.0008,,1.38,1.79,2.21,2.87,0.83,
2017-06-14,3.5864,3.544,3.5354,3.9025,-0.051,,1.35,1.74,2.15,2.79,0.8,
2017-06-15,3.5737,3.5365,3.5554,3.8973,-0.0183,,1.35,1.76,2.16,2.78,0.81,
2017-06-16,3.5726,3.5561,3.568,3.972,-0.0046,,1.32,1.75,2.16,2.78,0.84,
2017-06-19,3.5316,3.4765,3.5006,3.9471,-0.031,,1.36,1.8,2.19,2.79,0.83,
2017-06-20,3.5079,3.4717,3.4881,3.9374,-0.0198,,1.36,1.77,2.16,2.74,0.8,
2017-06-21,3.5174,3.5134,3.5406,3.9514,0.0232,,1.36,1.78,2.16,2.73,0.8,
2017-06-22,3.5461,3.5415,3.5607,3.9789,0.0146,,1.34,1.76,2.15,2.72,0.81,
2017-06-23,3.5338,3.5073,3.5457,3.9814,0.0119,,1.34,1.77,2.15,2.71,0.81,
2017-06-26,3.4981,3.4708,3.5134,3.9715,0.0153,,1.36,1.77,2.14,2.7,0.78,
2017-06-27,3.4543,3.4629,3.5084,3.9565,0.0541,,1.38,1.83,2.21,2.75,0.83,
2017-06-28,3.4684,3.4654,3.5333,3.9565,0.0649,,1.34,1.81,2.22,2.77,0.88,
2017-06-29,3.4649,3.4657,3.5483,3.9613,0.0834,,1.38,1.85,2.27,2.82,0.89,
2017-06-30,3.494,3.4931,3.5683,3.9765,0.0743,,1.38,1.89,2.31,2.84,0.93,
2017-07-03,3.4972,3.5328,3.6033,3.9816,0.1061,,1.41,1.93,2.35,2.86,0.94,
2017-07-04,3.4813,3.528,3.6009,3.9966,0.1196,,,,2.348,,,
2017-07-05,3.4758,3.5047,3.576,3.9816,0.1002,,1.41,1.92,2.33,2.85,0.92,
2017-07-06,3.4548,3.4845,3.566,3.9741,0.1112,,1.4,1.94,2.37,2.9,0.97,
2017-07-07,3.4655,3.4838,3.5897,3.9766,0.1242,,1.4,1.95,2.39,2.93,0.99,
2017-07-10,3.4689,3.5,3.5911,3.9766,0.1222,,1.4,1.93,2.38,2.93,0.98,
2017-07-11,3.4677,3.5096,3.5836,3.9742,0.1159,,1.37,1.92,2.37,2.92,1.0,
2017-07-12,3.4749,3.5107,3.5749,3.9754,0.1,,1.35,1.88,2.33,2.89,0.98,
2017-07-13,3.4694,3.5082,3.5643,3.9717,0.0949,,1.37,1.89,2.35,2.92,0.98,
2017-07-14,3.4709,3.5107,3.5637,3.9615,0.0928,,1.35,1.87,2.33,2.91,0.98,
2017-07-17,3.4606,3.4961,3.5626,3.9667,0.102,,1.36,1.86,2.31,2.89,0.95,
2017-07-18,3.4776,3.5177,3.5851,3.9767,0.1075,,1.36,1.82,2.27,2.85,0.91,
2017-07-19,3.4824,3.5102,3.5901,3.9668,0.1077,,1.37,1.83,2.27,2.85,0.9,
2017-07-20,3.457,3.5003,3.574,3.9693,0.117,,1.37,1.82,2.27,2.83,0.9,
2017-07-21,3.4613,3.5041,3.5829,4.004,0.1216,,1.36,1.81,2.24,2.81,0.88,
2017-07-24,3.4579,3.503,3.5769,4.05,0.119,,1.37,1.83,2.26,2.83,0.89,
2017-07-25,3.4608,3.5155,3.592,4.065,0.1312,,1.4,1.9,2.33,2.91,0.93,
2017-07-26,3.4742,3.5406,3.617,4.09,0.1428,,1.36,1.83,2.29,2.89,0.93,
2017-07-27,3.4687,3.5405,3.6021,4.0838,0.1334,,1.36,1.84,2.32,2.93,0.96,
2017-07-28,3.4592,3.5408,3.6034,4.0851,0.1442,,1.34,1.83,2.3,2.89,0.96,
2017-07-31,3.4638,3.5628,3.626,4.1001,0.1622,,1.34,1.84,2.3,2.89,0.96,
2017-08-01,3.4696,3.5799,3.6373,4.1089,0.1677,,1.34,1.8,2.26,2.86,0.92,
2017-08-02,3.4417,3.5703,3.6311,4.1077,0.1894,,1.36,1.82,2.27,2.85,0.91,
2017-08-03,3.4388,3.5666,3.6262,4.1052,0.1874,,1.34,1.79,2.24,2.81,0.9,
2017-08-04,3.382,3.563,3.6262,4.1052,0.2442,,1.36,1.82,2.27,2.84,0.91,
2017-08-07,3.4192,3.5997,3.6626,4.1328,0.2434,,1.36,1.81,2.26,2.84,0.9,
2017-08-08,3.4288,3.6149,3.6538,4.1293,0.225,,1.36,1.84,2.29,2.86,0.93,
2017-08-09,3.4361,3.6355,3.66,4.1248,0.2239,,1.33,1.81,2.24,2.82,0.91,
2017-08-10,3.4184,3.6232,3.6375,4.1183,0.2191,,1.33,1.78,2.2,2.79,0.87,
2017-08-11,3.3979,3.5849,3.6163,4.099,0.2184,,1.3,1.74,2.19,2.79,0.89,
2017-08-14,3.3805,3.5715,3.5925,4.1002,0.212,,1.33,1.77,2.22,2.81,0.89,
2017-08-15,3.4051,3.5725,3.5801,4.0928,0.175,,1.35,1.83,2.27,2.84,0.92,
2017-08-16,3.3955,3.5866,3.5988,4.1003,0.2033,,1.33,1.79,2.23,2.81,0.9,
2017-08-17,3.3951,3.5903,3.5926,4.1253,0.1975,,1.32,1.76,2.19,2.78,0.87,
2017-08-18,3.4034,3.5929,3.5951,4.1753,0.1917,,1.33,1.77,2.19,2.78,0.86,
2017-08-21,3.4027,3.6011,3.6181,4.198,0.2154,,1.32,1.76,2.18,2.77,0.86,
2017-08-22,3.4013,3.6035,3.6201,4.2006,0.2188,,1.33,1.8,2.22,2.79,0.89,
2017-08-23,3.4038,3.5903,3.6152,4.2006,0.2114,,1.32,1.76,2.17,2.75,0.85,
2017-08-24,3.4242,3.6084,3.6252,4.2106,0.201,,1.33,1.78,2.19,2.77,0.86,
2017-08-25,3.4475,3.6107,3.6327,4.2232,0.1852,,1.35,1.77,2.17,2.75,0.82,
2017-08-28,3.4586,3.6463,3.6502,4.2357,0.1916,,1.33,1.74,2.16,2.76,0.83,
2017-08-29,3.4698,3.6222,3.6303,4.2308,0.1605,,1.33,1.7,2.13,2.74,0.8,
2017-08-30,3.4832,3.6227,3.6303,4.2258,0.1471,,1.33,1.72,2.15,2.75,0.82,
2017-08-31,3.4795,3.6124,3.6265,4.2208,0.147,,1.33,1.7,2.12,2.73,0.79,
2017-09-01,3.4743,3.6181,3.6353,4.2208,0.161,,1.35,1.73,2.16,2.77,0.81,
2017-09-04,3.4803,3.6235,3.6454,4.2308,0.1651,,,,2.166,,,
2017-09-05,3.4907,3.6403,3.6641,4.2409,0.1734,,1.3,1.65,2.07,2.69,0.77,
2017-09-06,3.559,3.6314,3.6554,4.2372,0.0964,,1.3,1.69,2.1,2.72,0.8,
2017-09-07,3.5296,3.6056,3.6155,4.2236,0.0859,,1.27,1.63,2.05,2.66,0.78,
2017-09-08,3.5008,3.5811,3.6005,4.2237,0.0997,,1.27,1.64,2.06,2.67,0.79,
2017-09-11,3.5107,3.5918,3.6156,4.2338,0.1049,,1.32,1.71,2.14,2.75,0.82,
2017-09-12,3.5105,3.5895,3.6181,4.2363,0.1076,,1.33,1.75,2.17,2.78,0.84,
2017-09-13,3.52,3.622,3.6356,4.2461,0.1156,,1.35,1.78,2.2,2.79,0.85,
2017-09-14,3.5144,3.5968,3.5982,4.2366,0.0838,,1.37,1.79,2.2,2.77,0.83,
2017-09-15,3.513,3.5995,3.5982,4.2716,0.0852,,1.39,1.81,2.2,2.77,0.81,
2017-09-18,3.5186,3.6289,3.622,4.2769,0.1034,,1.4,1.83,2.23,2.8,0.83,
2017-09-19,3.5323,3.6146,3.6158,4.2745,0.0835,,1.4,1.84,2.24,2.81,0.84,
2017-09-20,3.5462,3.6235,3.6209,4.2745,0.0747,,1.45,1.89,2.28,2.82,0.83,
2017-09-21,3.5585,3.6399,3.6334,4.277,0.0749,,1.45,1.89,2.27,2.8,0.82,
2017-09-22,3.5477,3.6155,3.6209,4.2521,0.0732,,1.46,1.88,2.26,2.8,0.8,
2017-09-25,3.5399,3.6008,3.5985,4.2234,0.0586,,1.44,1.85,2.22,2.76,0.78,
2017-09-26,3.5253,3.6166,3.6172,4.2222,0.0919,,1.45,1.87,2.24,2.78,0.79,
2017-09-27,3.5371,3.6216,3.6235,4.2348,0.0864,,1.47,1.91,2.31,2.86,0.84,
2017-09-28,3.5403,3.6049,3.6136,4.2273,0.0733,,1.45,1.89,2.31,2.87,0.86,
2017-09-29,3.5262,3.6044,3.6136,4.2274,0.0874,,1.47,1.92,2.33,2.86,0.86,
2017-09-30,3.5385,3.6166,3.6136,4.2274,0.0751,,,,,,,
2017-10-02,,,,,,,1.49,1.94,2.34,2.87,0.85,
2017-10-03,,,,,,,1.47,1.92,2.33,2.87,0.86,
2017-10-04,,,,,,,1.47,1.92,2.33,2.87,0.86,
2017-10-05,,,,,,,1.49,1.94,2.35,2.89,0.86,
2017-10-06,,,,,,,1.54,1.97,2.37,2.91,0.83,
2017-10-09,3.5419,3.6376,3.6477,4.2427,0.1058,,,,2.361,,,
2017-10-10,3.543,3.6413,3.647,4.2529,0.104,,1.51,1.95,2.35,2.88,0.84,
2017-10-11,3.521,3.6462,3.654,4.2529,0.133,,1.51,1.95,2.35,2.88,0.84,
2017-10-12,3.5334,3.6769,3.6765,4.2704,0.1431,,1.51,1.95,2.33,2.86,0.82,
2017-10-13,3.5231,3.6782,3.674,4.268,0.1509,,1.51,1.91,2.28,2.81,0.77,
2017-10-16,3.5333,3.7268,3.7054,4.2911,0.1721,,1.54,1.95,2.3,2.82,0.76,
2017-10-17,3.5459,3.7647,3.7409,4.3081,0.195,,1.54,1.97,2.3,2.8,0.76,
2017-10-18,3.5436,3.7588,3.7366,4.3082,0.193,,1.59,1.99,2.34,2.85,0.75,
2017-10-19,3.5332,3.7334,3.7167,4.2943,0.1835,,1.58,1.98,2.33,2.83,0.75,
2017-10-20,3.5312,3.7246,3.7217,4.292,0.1905,,1.6,2.03,2.39,2.89,0.79,
2017-10-23,3.534,3.7254,3.7231,4.2934,0.1891,,1.58,2.01,2.38,2.89,0.8,
2017-10-24,3.537,3.7107,3.722,4.293,0.185,,1.6,2.05,2.42,2.92,0.82,
2017-10-25,3.5589,3.766,3.7768,4.3033,0.2179,,1.61,2.06,2.44,2.95,0.83,
2017-10-26,3.5677,3.7661,3.7769,4.3101,0.2092,,1.63,2.07,2.46,2.96,0.83,
2017-10-27,3.5759,3.8211,3.8266,4.3124,0.2507,,1.59,2.03,2.42,2.93,0.83,
2017-10-30,3.6207,3.9117,3.9115,4.3603,0.2908,,1.58,2.0,2.37,2.88,0.79,
2017-10-31,3.6266,3.8826,3.8917,4.3603,0.2651,,1.6,2.01,2.38,2.88,0.78,
2017-11-01,3.6371,3.8529,3.863,4.3303,0.2259,,1.61,2.01,2.37,2.85,0.76,
2017-11-02,3.6506,3.8772,3.8718,4.3301,0.2212,,1.61,2.0,2.35,2.83,0.74,
2017-11-03,3.645,3.887,3.8816,4.3354,0.2366,,1.63,1.99,2.34,2.82,0.71,
2017-11-06,3.659,3.8871,3.8694,4.3304,0.2104,,1.61,1.99,2.32,2.8,0.71,
2017-11-07,3.6639,3.9203,3.8813,4.3405,0.2174,,1.63,1.99,2.32,2.77,0.69,
2017-11-08,3.6734,3.888,3.8725,4.348,0.1991,,1.65,2.01,2.32,2.79,0.67,
2017-11-09,3.6385,3.8926,3.8863,4.3405,0.2478,,1.63,2.01,2.33,2.81,0.7,
2017-11-10,3.6579,3.905,3.9,4.3453,0.2421,,1.67,2.06,2.4,2.88,0.73,
2017-11-13,3.6519,3.9361,3.95,4.3654,0.2981,,1.7,2.08,2.4,2.87,0.7,
2017-11-14,3.6667,3.9278,3.9525,4.3754,0.2858,,1.68,2.06,2.38,2.84,0.7,
2017-11-15,3.6643,3.8955,3.95,4.3734,0.2857,,1.68,2.04,2.33,2.77,0.65,
2017-11-16,3.6605,3.8651,3.9225,4.3582,0.262,,1.72,2.07,2.37,2.81,0.65,
2017-11-17,3.665,3.8647,3.92,4.3405,0.255,,1.73,2.06,2.35,2.78,0.62,
2017-11-20,3.6677,3.8806,3.94,4.3207,0.2723,,1.77,2.09,2.37,2.78,0.6,
2017-11-21,3.6787,3.8879,3.95,4.3257,0.2713,,1.77,2.11,2.36,2.76,0.59,
2017-11-22,3.696,3.9163,3.985,4.3381,0.289,,1.74,2.05,2.32,2.75,0.58,
2017-11-23,3.6988,3.9164,3.9851,4.3481,0.2863,,,,,,,
2017-11-24,3.713,3.8857,3.9463,4.3359,0.2333,,1.75,2.07,2.34,2.76,0.59,
2017-11-27,3.7271,3.8859,3.9501,4.3309,0.223,,1.74,2.06,2.32,2.76,0.58,
2017-11-28,3.734,3.8909,3.9601,4.3409,0.2261,,1.75,2.07,2.34,2.77,0.59,
2017-11-29,3.7185,3.8705,3.9101,4.3359,0.1916,,1.78,2.09,2.37,2.81,0.59,
2017-11-30,3.6959,3.8444,3.8901,4.3341,0.1942,,1.78,2.14,2.42,2.83,0.64,
2017-12-01,3.6978,3.8136,3.8852,4.3341,0.1874,,1.78,2.13,2.37,2.76,0.59,
2017-12-04,3.688,3.8061,3.8902,4.3341,0.2022,,1.8,2.15,2.37,2.77,0.57,
2017-12-05,3.696,3.7983,3.8752,4.3341,0.1792,,1.83,2.15,2.36,2.73,0.53,
2017-12-06,3.7448,3.8044,3.8752,4.3213,0.1304,,1.78,2.11,2.33,2.71,0.55,
2017-12-07,3.739,3.8362,3.8927,4.3213,0.1537,,1.8,2.14,2.37,2.76,0.57,
2017-12-08,3.7547,3.8512,3.9102,4.3264,0.1555,,1.8,2.14,2.38,2.77,0.58,
2017-12-11,3.7615,3.8986,3.9303,4.3415,0.1688,,1.82,2.16,2.39,2.77,0.57,
2017-12-12,3.7693,3.9195,3.9378,4.3515,0.1685,,1.83,2.18,2.4,2.79,0.57,
2017-12-13,3.787,3.9031,3.9303,4.3615,0.1433,,1.79,2.12,2.36,2.74,0.57,
2017-12-14,3.7707,3.8886,3.9104,4.3664,0.1397,,1.82,2.14,2.35,2.71,0.53,
2017-12-15,3.7659,3.8518,3.8904,4.3617,0.1245,,1.84,2.16,2.35,2.68,0.51,
2017-12-18,3.7646,3.8263,3.8904,4.3568,0.1258,,1.84,2.17,2.39,2.74,0.55,
2017-12-19,3.7601,3.8327,3.9005,4.3643,0.1404,,1.87,2.23,2.46,2.82,0.59,
2017-12-20,3.7968,3.8403,3.9005,4.3644,0.1037,,1.87,2.24,2.49,2.88,0.62,
2017-12-21,3.7956,3.8393,3.9005,4.3644,0.1049,,1.89,2.26,2.48,2.84,0.59,
2017-12-22,3.7994,3.8335,3.878,4.3594,0.0786,,1.91,2.26,2.48,2.83,0.57,
2017-12-25,3.7962,3.8133,3.8731,4.362,0.0769,,,,,,,
2017-12-26,3.8031,3.8333,3.8881,4.3721,0.085,,1.92,2.25,2.47,2.82,0.55,
2017-12-27,3.8031,3.844,3.8956,4.3796,0.0925,,1.89,2.22,2.42,2.75,0.53,
2017-12-28,3.8048,3.8446,3.8857,4.3721,0.0809,,1.91,2.23,2.43,2.75,0.52,
2017-12-29,3.7847,3.8445,3.8807,4.3671,0.096,,1.89,2.2,2.4,2.74,0.51,
2017-12-30,3.7857,3.8445,3.8807,4.3671,0.095,,,,,,,
2017-12-31,3.7857,3.8445,3.8807,4.3671,0.095,6.9,,,,,,2.5
2018-01-02,3.7177,3.8262,3.9008,4.3723,0.1831,,1.92,2.25,2.46,2.81,0.54,
2018-01-03,3.7165,3.8503,3.9162,4.3723,0.1997,,1.94,2.25,2.44,2.78,0.5,
2018-01-04,3.6772,3.8804,3.9319,4.3723,0.2547,,1.96,2.27,2.46,2.79,0.5,
2018-01-05,3.6312,3.8484,3.9212,4.3623,0.29,,1.96,2.29,2.47,2.81,0.51,
2018-01-08,3.6107,3.8257,3.911,4.3524,0.3003,,1.96,2.29,2.49,2.81,0.53,
2018-01-09,3.5902,3.8255,3.8909,4.3524,0.3007,,1.98,2.33,2.55,2.88,0.57,
2018-01-10,3.6076,3.8458,3.9201,4.3626,0.3125,,1.98,2.32,2.55,2.88,0.57,
2018-01-11,3.6165,3.8648,3.9546,4.3626,0.3381,,1.98,2.32,2.54,2.91,0.56,
2018-01-12,3.6203,3.8598,3.9337,4.3526,0.3134,,1.99,2.35,2.55,2.85,0.56,
2018-01-15,3.6271,3.8713,3.965,4.3701,0.3379,,,,,,,
2018-01-16,3.6206,3.8716,3.9596,4.3626,0.339,,2.03,2.36,2.54,2.83,0.51,
2018-01-17,3.634,3.89,3.9597,4.3652,0.3257,,2.05,2.39,2.57,2.84,0.52,
2018-01-18,3.629,3.9025,3.9797,4.3655,0.3507,,2.05,2.43,2.62,2.9,0.57,
2018-01-19,3.621,3.8825,3.9754,4.3676,0.3544,,2.06,2.45,2.64,2.91,0.58,
2018-01-22,3.5917,3.871,3.9522,4.3662,0.3605,,2.08,2.46,2.66,2.93,0.58,
2018-01-23,3.5977,3.8464,3.9414,4.3674,0.3437,,2.06,2.43,2.63,2.9,0.57,
2018-01-24,3.5753,3.8614,3.9507,4.3699,0.3754,,2.08,2.43,2.65,2.93,0.57,
2018-01-25,3.5767,3.8493,3.9435,4.372,0.3668,,2.08,2.41,2.63,2.89,0.55,
2018-01-26,3.5843,3.8348,3.9365,4.367,0.3522,,2.13,2.47,2.66,2.91,0.53,
2018-01-29,3.5648,3.8433,3.9368,4.3696,0.372,,2.11,2.49,2.7,2.94,0.59,
2018-01-30,3.5792,3.8533,3.9292,4.3673,0.35,,2.13,2.51,2.73,2.98,0.6,
2018-01-31,3.5289,3.8337,3.914,4.3647,0.3851,,2.14,2.52,2.72,2.95,0.58,
2018-02-01,3.5024,3.8339,3.9066,4.3647,0.4042,,2.16,2.56,2.78,3.01,0.62,
2018-02-02,3.5182,3.834,3.9092,4.3597,0.391,,2.15,2.58,2.84,3.08,0.69,
2018-02-05,3.5525,3.85,3.9167,4.3574,0.3642,,2.08,2.5,2.77,3.04,0.69,
2018-02-06,3.5514,3.8246,3.8825,4.3375,0.3311,,2.1,2.52,2.79,3.06,0.69,
2018-02-07,3.4991,3.8195,3.87,4.3175,0.3709,,2.15,2.57,2.84,3.12,0.69,
2018-02-08,3.5235,3.8215,3.8801,4.3334,0.3566,,2.13,2.57,2.85,3.14,0.72,
2018-02-09,3.5184,3.8199,3.88,4.3125,0.3616,,2.05,2.52,2.83,3.14,0.78,
2018-02-11,3.5334,3.8181,3.8775,4.3109,0.3441,,,,,,,
2018-02-12,3.5258,3.8063,3.875,4.3134,0.3492,,2.09,2.56,2.86,3.14,0.77,
2018-02-13,3.53,3.8088,3.87,4.3084,0.34,,2.1,2.54,2.83,3.11,0.73,
2018-02-14,3.5098,3.8061,3.8702,4.3109,0.3604,,2.17,2.65,2.91,3.18,0.74,
2018-02-15,,,,,,,2.19,2.65,2.9,3.15,0.71,
2018-02-16,,,,,,,2.21,2.63,2.87,3.13,0.66,
2018-02-20,,,,,,,2.25,2.65,2.88,3.15,0.63,
2018-02-21,,,,,,,2.26,2.69,2.94,3.22,0.68,
2018-02-22,3.5248,3.8175,3.8752,4.3087,0.3504,,2.25,2.66,2.92,3.21,0.67,
2018-02-23,3.4935,3.8149,3.8702,4.2987,0.3767,,2.25,2.62,2.88,3.16,0.63,
2018-02-24,3.5019,3.8086,3.8652,4.2937,0.3633,,,,,,,
2018-02-26,3.4157,3.7806,3.8452,4.2738,0.4295,,2.22,2.6,2.86,3.15,0.64,
2018-02-27,3.3755,3.7361,3.8201,4.2738,0.4446,,2.27,2.67,2.9,3.17,0.63,
2018-02-28,3.3504,3.7003,3.8202,4.2615,0.4698,,2.25,2.65,2.87,3.13,0.62,
2018-03-01,3.3528,3.7002,3.8201,4.259,0.4673,,2.22,2.58,2.81,3.09,0.59,
2018-03-02,3.3685,3.7105,3.8352,4.269,0.4667,,2.25,2.63,2.86,3.14,0.61,
2018-03-05,3.3951,3.7428,3.8453,4.2766,0.4502,,2.24,2.65,2.88,3.16,0.64,
2018-03-06,3.4034,3.7428,3.8253,4.2766,0.4219,,2.25,2.65,2.88,3.14,0.63,
2018-03-07,3.3805,3.722,3.8203,4.2742,0.4398,,2.25,2.65,2.89,3.15,0.64,
2018-03-08,3.3905,3.7197,3.8203,4.2717,0.4298,,2.25,2.63,2.86,3.13,0.61,
2018-03-09,3.4007,3.6817,3.8278,4.2717,0.4271,,2.27,2.65,2.9,3.16,0.63,
2018-03-12,3.4285,3.6713,3.8243,4.2717,0.3958,,2.27,2.64,2.87,3.13,0.6,
2018-03-13,3.4572,3.697,3.8362,4.2738,0.379,,2.26,2.62,2.84,3.1,0.58,
2018-03-14,3.4719,3.6973,3.8413,4.272,0.3694,,2.26,2.61,2.81,3.05,0.55,
2018-03-15,3.4808,3.6968,3.8257,4.2633,0.3449,,2.29,2.62,2.82,3.05,0.53,
2018-03-16,3.4481,3.6923,3.8154,4.2395,0.3673,,2.31,2.65,2.85,3.08,0.54,
2018-03-19,3.4521,3.6981,3.8104,4.2496,0.3583,,2.31,2.65,2.85,3.09,0.54,
2018-03-20,3.455,3.6818,3.7906,4.2422,0.3356,,2.34,2.69,2.89,3.12,0.55,
2018-03-21,3.4392,3.683,3.763,4.2248,0.3238,,2.31,2.69,2.89,3.12,0.58,
2018-03-22,3.426,3.6626,3.748,4.1999,0.322,,2.29,2.63,2.83,3.06,0.54,
2018-03-23,3.3979,3.6113,3.7005,4.1549,0.3026,,2.28,2.61,2.82,3.06,0.54,
2018-03-26,3.385,3.6204,3.7307,4.165,0.3457,,2.33,2.64,2.85,3.08,0.52,
2018-03-27,3.4145,3.6344,3.7432,4.1748,0.3287,,2.26,2.58,2.78,3.03,0.52,
2018-03-28,3.4169,3.6503,3.7406,4.1695,0.3237,,2.28,2.59,2.77,3.01,0.49,
2018-03-29,3.415,3.6723,3.7456,4.1695,0.3306,,2.27,2.56,2.74,2.97,0.47,
2018-03-30,3.4217,3.6609,3.7407,4.1749,0.319,,,,,,,
2018-04-02,3.3942,3.6569,3.7357,4.175,0.3415,,2.25,2.55,2.73,2.97,0.48,
2018-04-03,3.4052,3.6578,3.7507,4.1605,0.3455,,2.28,2.6,2.79,3.02,0.51,
2018-04-04,3.3751,3.6493,3.7234,4.1605,0.3483,,2.28,2.61,2.79,3.03,0.51,
2018-04-05,,,,,,,2.3,2.64,2.83,3.07,0.53,
2018-04-06,,,,,,,2.27,2.58,2.77,3.01,0.5,
2018-04-08,3.3785,3.649,3.7008,4.1484,0.3223,,,,,,,
2018-04-09,3.3295,3.6066,3.6959,4.1154,0.3664,,2.29,2.6,2.78,3.02,0.49,
2018-04-10,3.3327,3.5922,3.7159,4.1155,0.3832,,2.32,2.62,2.8,3.02,0.48,
2018-04-11,3.3223,3.5779,3.7109,4.1155,0.3886,,2.32,2.62,2.79,2.99,0.47,
2018-04-12,3.2927,3.5597,3.7109,4.1155,0.4182,,2.34,2.67,2.83,3.05,0.49,
2018-04-13,3.2708,3.5205,3.7062,4.1207,0.4354,,2.37,2.67,2.82,3.03,0.45,
2018-04-16,3.2408,3.4919,3.6561,4.1186,0.4153,,2.39,2.69,2.83,3.03,0.44,
2018-04-17,3.22,3.4696,3.6512,4.1139,0.4312,,2.41,2.68,2.82,3.0,0.41,
2018-04-18,3.0135,3.3298,3.5013,3.9758,0.4878,,2.42,2.73,2.87,3.06,0.45,
2018-04-19,3.0593,3.3298,3.5064,4.0059,0.4471,,2.44,2.77,2.92,3.11,0.48,
2018-04-20,3.0838,3.3252,3.5215,3.9985,0.4377,,2.46,2.8,2.96,3.14,0.5,
2018-04-23,3.1788,3.3306,3.6019,4.0511,0.4231,,2.49,2.83,2.98,3.15,0.49,
2018-04-24,3.1133,3.2858,3.5855,4.0509,0.4722,,2.48,2.83,3.0,3.18,0.52,
2018-04-25,3.0948,3.2657,3.6118,4.076,0.517,,2.49,2.84,3.03,3.21,0.54,
2018-04-26,3.1034,3.286,3.6344,4.076,0.531,,2.49,2.82,3.0,3.18,0.51,
2018-04-27,3.1038,3.2911,3.6364,4.0912,0.5326,,2.49,2.8,2.96,3.13,0.47,
2018-04-28,3.0947,3.2711,3.6217,4.0912,0.527,,,,,,,
2018-04-30,,,,,,,2.49,2.79,2.95,3.11,0.46,
2018-05-01,,,,,,,2.5,2.82,2.97,3.13,0.47,
2018-05-02,3.1503,3.2857,3.6665,4.0914,0.5162,,2.49,2.8,2.97,3.14,0.48,
2018-05-03,3.1369,3.2505,3.6467,4.1113,0.5098,,2.49,2.78,2.94,3.12,0.45,
2018-05-04,3.1088,3.2505,3.6319,4.1113,0.5231,,2.51,2.78,2.95,3.12,0.44,
2018-05-07,3.0947,3.2814,3.6518,4.1115,0.5571,,2.49,2.78,2.95,3.12,0.46,
2018-05-08,3.0794,3.3331,3.6922,4.1265,0.6128,,2.51,2.81,2.97,3.13,0.46,
2018-05-09,3.084,3.3897,3.7074,4.1315,0.6234,,2.54,2.84,3.0,3.16,0.46,
2018-05-10,3.0747,3.3853,3.6924,4.1315,0.6177,,2.54,2.83,2.97,3.12,0.43,
2018-05-11,3.0746,3.3805,3.6882,4.1264,0.6136,,2.54,2.84,2.97,3.1,0.43,
2018-05-14,3.09,3.4015,3.6937,4.1314,0.6037,,2.55,2.85,3.0,3.13,0.45,
2018-05-15,3.1016,3.4172,3.7151,4.1514,0.6135,,2.58,2.92,3.08,3.2,0.5,
2018-05-16,3.1108,3.4273,3.7076,4.1439,0.5968,,2.58,2.94,3.09,3.21,0.51,
2018-05-17,3.1935,3.4584,3.712,4.1483,0.5185,,2.57,2.94,3.11,3.25,0.54,
2018-05-18,3.1823,3.4793,3.7099,4.1284,0.5276,,2.55,2.9,3.06,3.2,0.51,
2018-05-21,3.2289,3.459,3.6939,4.1175,0.465,,2.58,2.9,3.06,3.2,0.48,
2018-05-22,3.2318,3.4176,3.67,4.1025,0.4382,,2.59,2.9,3.06,3.21,0.47,
2018-05-23,3.2264,3.4178,3.64,4.0833,0.4136,,2.53,2.83,3.01,3.17,0.48,
2018-05-24,3.2454,3.417,3.6501,4.0834,0.4047,,2.5,2.82,2.98,3.13,0.48,
2018-05-25,3.2359,3.3966,3.6126,4.0508,0.3767,,2.48,2.76,2.93,3.09,0.45,
2018-05-28,3.2504,3.4174,3.6101,4.0506,0.3597,,,,,,,
2018-05-29,3.2536,3.4283,3.6001,4.0549,0.3465,,2.32,2.58,2.77,2.96,0.45,
2018-05-30,3.2655,3.4172,3.5976,4.0536,0.3321,,2.42,2.67,2.84,3.01,0.42,
2018-05-31,3.2674,3.4383,3.6129,4.066,0.3455,,2.4,2.68,2.83,3.0,0.43,
2018-06-01,3.3096,3.4406,3.6202,4.0738,0.3106,,2.47,2.74,2.89,3.04,0.42,
2018-06-04,3.3287,3.4616,3.6532,4.1038,0.3245,,2.52,2.78,2.94,3.08,0.42,
2018-06-05,3.3285,3.4637,3.6602,4.1114,0.3317,,2.49,2.76,2.92,3.07,0.43,
2018-06-06,3.3566,3.4937,3.6602,4.1238,0.3036,,2.52,2.81,2.97,3.13,0.45,
2018-06-07,3.3569,3.5066,3.6702,4.1239,0.3133,,2.5,2.77,2.93,3.08,0.43,
2018-06-08,3.3393,3.4563,3.6453,4.1339,0.306,,2.5,2.77,2.93,3.08,0.43,
2018-06-11,3.3461,3.4723,3.6502,4.1291,0.3041,,2.52,2.8,2.96,3.1,0.44,
2018-06-12,3.3874,3.5273,3.6853,4.1341,0.2979,,2.54,2.81,2.96,3.09,0.42,
2018-06-13,3.3752,3.5076,3.6627,4.1239,0.2875,,2.59,2.85,2.98,3.1,0.39,
2018-06-14,3.3472,3.4776,3.6227,4.119,0.2755,,2.59,2.81,2.94,3.05,0.35,
2018-06-15,3.335,3.4565,3.6028,4.1087,0.2678,,2.55,2.81,2.93,3.05,0.38,
2018-06-18,,,,,,,2.56,2.8,2.92,3.05,0.36,
2018-06-19,3.3301,3.4314,3.5603,4.0813,0.2302,,2.54,2.77,2.89,3.02,0.35,
2018-06-20,3.3662,3.4571,3.6054,4.0963,0.2392,,2.56,2.8,2.93,3.06,0.37,
2018-06-21,3.3685,3.4411,3.5753,4.0913,0.2068,,2.56,2.77,2.9,3.04,0.34,
2018-06-22,3.3647,3.4149,3.5604,4.0864,0.1957,,2.56,2.77,2.9,3.04,0.34,
2018-06-25,3.3682,3.4363,3.5803,4.0862,0.2121,,2.54,2.75,2.87,3.02,0.33,
2018-06-26,3.3541,3.4448,3.5804,4.0757,0.2263,,2.53,2.75,2.88,3.03,0.35,
2018-06-27,3.3543,3.4224,3.5529,4.0757,0.1986,,2.52,2.71,2.83,2.97,0.31,
2018-06-28,3.3,3.3916,3.5304,4.041,0.2304,,2.52,2.73,2.84,2.97,0.32,
2018-06-29,3.2568,3.3507,3.4756,3.9708,0.2188,,2.52,2.73,2.85,2.98,0.33,
2018-07-02,3.2387,3.344,3.4668,3.9658,0.2281,,2.57,2.75,2.87,2.99,0.3,
2018-07-03,3.1928,3.3184,3.4955,3.9658,0.3027,,2.53,2.72,2.83,2.96,0.3,
2018-07-04,3.1552,3.3232,3.5107,3.9783,0.3555,,,,,,,
2018-07-05,3.1438,3.3079,3.5005,3.9608,0.3567,,2.55,2.74,2.84,2.95,0.29,
2018-07-06,3.1309,3.3242,3.5259,3.9908,0.395,,2.53,2.71,2.82,2.94,0.29,
2018-07-09,3.1547,3.3342,3.5432,4.0008,0.3885,,2.57,2.75,2.86,2.96,0.29,
2018-07-10,3.1567,3.3442,3.5431,4.0008,0.3864,,2.59,2.77,2.87,2.97,0.28,
2018-07-11,3.1426,3.336,3.5107,4.0008,0.3681,,2.58,2.74,2.85,2.95,0.27,
2018-07-12,3.1379,3.3267,3.5158,4.0008,0.3779,,2.6,2.75,2.85,2.95,0.25,
2018-07-13,3.144,3.2734,3.4858,3.9809,0.3418,,2.59,2.73,2.83,2.94,0.24,
2018-07-16,3.1089,3.2706,3.4808,3.9709,0.3719,,2.59,2.75,2.85,2.96,0.26,
2018-07-17,3.1046,3.3056,3.4808,3.9709,0.3762,,2.62,2.76,2.86,2.97,0.24,
2018-07-18,3.1227,3.3005,3.4708,3.9559,0.3481,,2.6,2.77,2.88,2.99,0.28,
2018-07-19,3.1124,3.2807,3.4409,3.9284,0.3285,,2.6,2.74,2.84,2.96,0.24,
2018-07-20,3.1308,3.2896,3.5135,3.9509,0.3827,,2.6,2.77,2.89,3.03,0.29,
2018-07-23,3.1252,3.2959,3.5186,3.9711,0.3934,,2.64,2.83,2.96,3.1,0.32,
2018-07-24,3.121,3.3115,3.5615,4.0009,0.4405,,2.63,2.83,2.95,3.08,0.32,
2018-07-25,3.0853,3.3147,3.5614,4.0109,0.4761,,2.66,2.82,2.94,3.06,0.28,
2018-07-26,3.0615,3.2976,3.5361,4.03,0.4746,,2.69,2.86,2.98,3.1,0.29,
2018-07-27,2.9863,3.2733,3.5212,4.02,0.5349,,2.67,2.84,2.96,3.09,0.29,
2018-07-30,2.9605,3.257,3.5213,4.01,0.5608,,2.66,2.85,2.98,3.11,0.32,
2018-07-31,2.9243,3.2249,3.4812,3.985,0.5569,,2.67,2.85,2.96,3.08,0.29,
2018-08-01,2.9081,3.1736,3.4638,3.9788,0.5557,,2.67,2.87,3.0,3.13,0.33,
2018-08-02,2.8835,3.1639,3.4713,3.98,0.5878,,2.66,2.85,2.98,3.12,0.32,
2018-08-03,2.8454,3.1494,3.4567,3.97,0.6113,,2.63,2.82,2.95,3.09,0.32,
2018-08-06,2.8031,3.1555,3.4568,3.97,0.6537,,2.64,2.8,2.94,3.08,0.3,
2018-08-07,2.7665,3.1455,3.4876,3.975,0.7211,,2.68,2.84,2.98,3.12,0.3,
2018-08-08,2.7923,3.2066,3.5222,3.99,0.7299,,2.68,2.83,2.96,3.12,0.28,
2018-08-09,2.8742,3.2669,3.5476,4.035,0.6734,,2.64,2.8,2.93,3.08,0.29,
2018-08-10,2.8783,3.2876,3.5525,4.04,0.6742,,2.61,2.75,2.87,3.03,0.26,
2018-08-13,2.9515,3.3383,3.5826,4.07,0.6311,,2.61,2.75,2.88,3.05,0.27,
2018-08-14,2.9576,3.3276,3.5519,4.06,0.5943,,2.63,2.77,2.89,3.06,0.26,
2018-08-15,2.9824,3.3381,3.5829,4.06,0.6005,,2.61,2.73,2.86,3.03,0.25,
2018-08-16,3.0056,3.3465,3.6141,4.075,0.6085,,2.63,2.75,2.87,3.03,0.24,
2018-08-17,3.0662,3.3851,3.6524,4.225,0.5862,,2.61,2.75,2.87,3.03,0.26,
2018-08-20,3.064,3.4179,3.6326,4.2138,0.5686,,2.6,2.7,2.82,2.99,0.22,
2018-08-21,3.1576,3.4672,3.63,4.21,0.4724,,2.61,2.73,2.85,3.0,0.24,
2018-08-22,3.1171,3.4584,3.6075,4.1998,0.4904,,2.6,2.7,2.82,2.99,0.22,
2018-08-23,3.0817,3.4089,3.6101,4.19,0.5284,,2.61,2.72,2.82,2.97,0.21,
2018-08-24,3.0548,3.4066,3.6278,4.19,0.573,,2.63,2.72,2.82,2.97,0.19,
2018-08-27,3.0817,3.4068,3.6303,4.195,0.5486,,2.67,2.74,2.85,3.0,0.18,
2018-08-28,3.1091,3.4066,3.6101,4.1851,0.501,,2.67,2.77,2.88,3.03,0.21,
2018-08-29,3.1084,3.4022,3.6101,4.1951,0.5017,,2.67,2.78,2.89,3.02,0.22,
2018-08-30,3.0769,3.3704,3.5801,4.1801,0.5032,,2.64,2.75,2.86,3.0,0.22,
2018-08-31,3.0718,3.3462,3.5751,4.175,0.5033,,2.62,2.74,2.86,3.02,0.24,
2018-09-03,3.0961,3.3651,3.5951,4.1951,0.499,,,,,,,
2018-09-04,3.1179,3.3959,3.6101,4.2026,0.4922,,2.66,2.78,2.9,3.07,0.24,
2018-09-05,3.1136,3.4114,3.6101,4.2001,0.4965,,2.66,2.77,2.9,3.08,0.24,
2018-09-06,3.1103,3.4268,3.6101,4.2001,0.4998,,2.64,2.76,2.88,3.06,0.24,
2018-09-07,3.1106,3.4366,3.6301,4.2101,0.5195,,2.71,2.82,2.94,3.11,0.23,
2018-09-10,3.1211,3.4793,3.6551,4.2501,0.534,,2.73,2.83,2.94,3.09,0.21,
2018-09-11,3.136,3.507,3.6751,4.2601,0.5391,,2.76,2.87,2.98,3.13,0.22,
2018-09-12,3.1291,3.5185,3.6551,4.2501,0.526,,2.74,2.87,2.97,3.11,0.23,
2018-09-13,3.116,3.5014,3.6526,4.2451,0.5366,,2.76,2.87,2.97,3.11,0.21,
2018-09-14,3.1122,3.4977,3.6351,4.2276,0.5229,,2.78,2.9,2.99,3.13,0.21,
2018-09-17,3.1016,3.4779,3.6327,4.2201,0.5311,,2.78,2.89,2.99,3.13,0.21,
2018-09-18,3.1017,3.4905,3.6452,4.2201,0.5435,,2.81,2.94,3.05,3.2,0.24,
2018-09-19,3.2262,3.5017,3.6727,4.2251,0.4465,,2.81,2.96,3.08,3.23,0.27,
2018-09-20,3.252,3.5172,3.7003,4.2251,0.4483,,2.81,2.96,3.07,3.21,0.26,
2018-09-21,3.2473,3.5072,3.6752,4.2101,0.4279,,2.81,2.95,3.07,3.2,0.26,
2018-09-24,,,,,,,2.83,2.96,3.08,3.21,0.25,
2018-09-25,3.2338,3.4995,3.6754,4.2051,0.4416,,2.83,2.99,3.1,3.23,0.27,
2018-09-26,3.2177,3.4799,3.6503,4.1926,0.4326,,2.83,2.96,3.06,3.19,0.23,
2018-09-27,3.206,3.4702,3.6253,4.1801,0.4193,,2.83,2.96,3.06,3.19,0.23,
2018-09-28,3.1897,3.4401,3.6153,4.1801,0.4256,,2.81,2.94,3.05,3.19,0.24,
2018-09-29,3.1685,3.4513,3.6104,4.1751,0.4419,,,,,,,
2018-09-30,3.1402,3.4565,3.6103,4.175,0.4701,,,,,,,
2018-10-01,,,,,,,2.82,2.96,3.09,3.24,0.27,
2018-10-02,,,,,,,2.82,2.94,3.05,3.2,0.23,
2018-10-03,,,,,,,2.85,3.02,3.15,3.3,0.3,
2018-10-04,,,,,,,2.87,3.05,3.19,3.35,0.32,
2018-10-05,,,,,,,2.88,3.07,3.23,3.4,0.35,
2018-10-08,3.143,3.4431,3.6155,4.1801,0.4725,,,,,,,
2018-10-09,3.1284,3.4442,3.6156,4.1801,0.4872,,2.88,3.05,3.21,3.37,0.33,
2018-10-10,3.1143,3.437,3.6156,4.1801,0.5013,,2.88,3.05,3.22,3.39,0.34,
2018-10-11,3.0711,3.4077,3.5806,4.1524,0.5095,,2.85,3.0,3.14,3.32,0.29,
2018-10-12,3.0379,3.3964,3.5831,4.1524,0.5452,,2.85,3.0,3.15,3.32,0.3,
2018-10-15,3.0379,3.4031,3.5857,4.1652,0.5478,,2.85,3.01,3.16,3.34,0.31,
2018-10-16,3.0505,3.4084,3.5757,4.1602,0.5252,,2.87,3.02,3.16,3.32,0.29,
2018-10-17,3.0625,3.4094,3.5807,4.1552,0.5182,,2.89,3.04,3.19,3.35,0.3,
2018-10-18,3.0562,3.36,3.5508,4.1402,0.4946,,2.87,3.03,3.17,3.36,0.3,
2018-10-19,3.0328,3.3602,3.5658,4.1152,0.533,,2.92,3.05,3.2,3.38,0.28,
2018-10-22,3.0159,3.386,3.591,4.1302,0.5751,,2.92,3.05,3.2,3.38,0.28,
2018-10-23,3.0116,3.3762,3.5709,4.1299,0.5593,,2.89,3.01,3.17,3.37,0.28,
2018-10-24,2.9859,3.3664,3.5409,4.1002,0.555,,2.84,2.94,3.1,3.33,0.26,
2018-10-25,2.9837,3.3516,3.5409,4.0802,0.5572,,2.86,2.98,3.14,3.35,0.28,
2018-10-26,2.9747,3.3417,3.541,4.0802,0.5663,,2.81,2.91,3.08,3.32,0.27,
2018-10-29,2.9456,3.3126,3.5111,4.08,0.5655,,2.81,2.91,3.08,3.33,0.27,
2018-10-30,2.933,3.308,3.5161,4.0577,0.5831,,2.84,2.94,3.12,3.36,0.28,
2018-10-31,2.9415,3.3129,3.5086,4.0552,0.5671,,2.87,2.98,3.15,3.39,0.28,
2018-11-01,2.9399,3.3076,3.4936,4.0428,0.5537,,2.84,2.96,3.14,3.38,0.3,
2018-11-02,2.9441,3.3229,3.5461,4.0728,0.602,,2.91,3.04,3.22,3.46,0.31,
2018-11-05,2.9369,3.3238,3.5312,4.0704,0.5943,,2.91,3.03,3.2,3.43,0.29,
2018-11-06,2.9139,3.3143,3.5113,4.0604,0.5974,,2.93,3.05,3.22,3.43,0.29,
2018-11-07,2.8807,3.2954,3.4813,4.0404,0.6006,,2.96,3.07,3.22,3.43,0.26,
2018-11-08,2.845,3.2885,3.4813,4.0404,0.6363,,2.98,3.09,3.24,3.43,0.26,
2018-11-09,2.8248,3.271,3.4763,4.0404,0.6515,,2.94,3.05,3.19,3.4,0.25,
2018-11-12,2.8009,3.2665,3.4865,4.0379,0.6856,,,,,,,
2018-11-13,2.7792,3.2471,3.474,4.0254,0.6948,,2.89,2.99,3.14,3.36,0.25,
2018-11-14,2.7332,3.1367,3.4218,4.0004,0.6886,,2.86,2.95,3.12,3.35,0.26,
2018-11-15,2.7051,3.1359,3.3915,3.9504,0.6864,,2.86,2.94,3.11,3.36,0.25,
2018-11-16,2.7025,3.127,3.3515,3.8704,0.649,,2.81,2.9,3.08,3.33,0.27,
2018-11-19,2.7176,3.1521,3.3772,3.8604,0.6596,,2.79,2.87,3.06,3.32,0.27,
2018-11-20,2.7277,3.1779,3.3771,3.9004,0.6494,,2.79,2.88,3.06,3.31,0.27,
2018-11-21,2.7095,3.1787,3.3716,3.8804,0.6621,,2.81,2.89,3.06,3.31,0.25,
2018-11-22,2.703,3.1897,3.3917,3.8904,0.6887,,,,,,,
2018-11-23,2.7146,3.1853,3.3917,3.9204,0.6771,,2.81,2.88,3.05,3.31,0.24,
2018-11-26,2.7173,3.1756,3.4151,3.9332,0.6978,,2.84,2.9,3.07,3.32,0.23,
2018-11-27,2.7011,3.179,3.4,3.9307,0.6989,,2.83,2.89,3.06,3.32,0.23,
2018-11-28,2.6781,3.1894,3.37,3.9157,0.6919,,2.81,2.87,3.06,3.34,0.25,
2018-11-29,2.6893,3.1505,3.36,3.8907,0.6707,,2.81,2.85,3.03,3.33,0.22,
2018-11-30,2.6965,3.1353,3.355,3.8857,0.6585,,2.8,2.84,3.01,3.3,0.21,
2018-12-03,2.7198,3.1279,3.35,3.8807,0.6302,,2.83,2.83,2.98,3.27,0.15,
2018-12-04,2.6959,3.0779,3.305,3.8416,0.6091,,2.8,2.79,2.91,3.16,0.11,
2018-12-05,2.6534,3.0718,3.275,3.8264,0.6216,,,,,,,
2018-12-06,2.6346,3.0734,3.2751,3.7967,0.6405,,2.75,2.75,2.87,3.14,0.12,
2018-12-07,2.6276,3.0227,3.2853,3.7867,0.6577,,2.72,2.7,2.85,3.14,0.13,
2018-12-10,2.6519,2.993,3.2678,3.7767,0.6159,,2.72,2.71,2.85,3.13,0.13,
2018-12-11,2.6368,2.997,3.2652,3.7517,0.6284,,2.78,2.75,2.89,3.13,0.11,
2018-12-12,2.6315,3.0057,3.2703,3.7517,0.6388,,2.77,2.77,2.91,3.15,0.14,
2018-12-13,2.6354,3.0438,3.3311,3.8217,0.6957,,2.75,2.75,2.91,3.16,0.16,
2018-12-14,2.6545,3.0506,3.3468,3.8307,0.6923,,2.73,2.73,2.89,3.14,0.16,
2018-12-17,2.6742,3.0574,3.3713,3.8407,0.6971,,2.7,2.69,2.86,3.11,0.16,
2018-12-18,2.6811,3.0577,3.3714,3.8307,0.6903,,2.65,2.65,2.82,3.07,0.17,
2018-12-19,2.8582,3.0582,3.3412,3.8007,0.483,,2.63,2.62,2.77,3.0,0.14,
2018-12-20,2.8191,3.0414,3.3003,3.7805,0.4812,,2.67,2.65,2.79,3.02,0.12,
2018-12-21,2.8102,3.0458,3.3168,3.7805,0.5066,,2.63,2.64,2.79,3.03,0.16,
2018-12-24,2.8358,3.0657,3.3483,3.7805,0.5125,,2.55,2.58,2.74,3.0,0.19,
2018-12-25,2.8412,3.0665,3.3113,3.7805,0.4701,,,,,,,
2018-12-26,2.8018,3.0644,3.3011,3.7605,0.4993,,2.61,2.67,2.81,3.06,0.2,
2018-12-27,2.7655,3.001,3.2709,3.7456,0.5054,,2.56,2.6,2.77,3.05,0.21,
2018-12-28,2.7224,2.9614,3.2315,3.7106,0.5091,,2.52,2.56,2.72,3.04,0.2,
2018-12-29,2.7077,2.9676,3.2265,3.7056,0.5188,,,,,,,
2018-12-30,2.7078,2.9676,3.2265,3.7056,0.5187,,,,,,,
2018-12-31,2.7078,2.9676,3.2265,3.7056,0.5187,6.8,2.48,2.51,2.69,3.02,0.21,3.0
2019-01-02,2.6167,2.9466,3.1734,3.6756,0.5567,,2.5,2.49,2.66,2.97,0.16,
2019-01-03,2.6233,2.8965,3.141,3.6806,0.5177,,2.39,2.37,2.56,2.92,0.17,
2019-01-04,2.6069,2.885,3.1513,3.7007,0.5444,,2.5,2.49,2.67,2.98,0.17,
2019-01-07,2.5672,2.9303,3.1507,3.7007,0.5835,,2.53,2.53,2.7,2.99,0.17,
2019-01-08,2.5222,2.8796,3.1211,3.6757,0.5989,,2.58,2.58,2.73,3.0,0.15,
2019-01-09,2.5421,2.8745,3.1106,3.7007,0.5685,,2.56,2.57,2.74,3.03,0.18,
2019-01-10,2.539,2.8954,3.1006,3.7182,0.5616,,2.56,2.56,2.74,3.06,0.18,
2019-01-11,2.575,2.91,3.1058,3.7157,0.5308,,2.55,2.52,2.71,3.04,0.16,
2019-01-14,2.5861,2.9496,3.1297,3.7257,0.5436,,2.53,2.53,2.71,3.06,0.18,
2019-01-15,2.5951,2.9484,3.1383,3.7407,0.5432,,2.53,2.53,2.72,3.08,0.19,
2019-01-16,2.5212,2.9047,3.0745,3.6779,0.5533,,2.55,2.54,2.73,3.07,0.18,
2019-01-17,2.4901,2.8983,3.076,3.6904,0.5859,,2.56,2.58,2.75,3.07,0.19,
2019-01-18,2.4979,2.941,3.091,3.7105,0.5931,,2.62,2.62,2.79,3.09,0.17,
2019-01-21,2.5625,2.9499,3.1037,3.7104,0.5412,,,,,,,
2019-01-22,2.5358,2.9437,3.1071,3.7154,0.5713,,2.58,2.57,2.74,3.06,0.16,
2019-01-23,2.5499,2.9258,3.119,3.7179,0.5691,,2.58,2.59,2.76,3.07,0.18,
2019-01-24,2.5457,2.9268,3.1338,3.7409,0.5881,,2.56,2.55,2.72,3.04,0.16,
2019-01-25,2.5358,2.9475,3.1398,3.7534,0.604,,2.6,2.59,2.76,3.06,0.16,
2019-01-28,2.6435,2.9635,3.1397,3.7655,0.4962,,2.6,2.58,2.75,3.06,0.15,
2019-01-29,2.634,2.9403,3.1246,3.7342,0.4906,,2.56,2.55,2.72,3.04,0.16,
2019-01-30,2.6099,2.9207,3.1151,3.7304,0.5052,,2.52,2.49,2.7,3.06,0.18,
2019-01-31,2.5962,2.8943,3.1037,3.7231,0.5075,,2.45,2.43,2.63,2.99,0.18,
2019-02-01,2.5824,2.9006,3.1032,3.7256,0.5208,,2.52,2.51,2.7,3.03,0.18,
2019-02-02,2.5738,2.8907,3.0978,3.7194,0.524,,,,,,,
2019-02-03,2.5726,2.8923,3.0967,3.7121,0.5241,,,,,,,
2019-02-04,,,,,,,2.53,2.53,2.73,3.06,0.2,
2019-02-05,,,,,,,2.53,2.51,2.71,3.03,0.18,
2019-02-06,,,,,,,2.52,2.5,2.7,3.03,0.18,
2019-02-07,,,,,,,2.48,2.46,2.65,3.0,0.17,
2019-02-08,,,,,,,2.45,2.44,2.63,2.97,0.18,
2019-02-11,2.5567,2.8754,3.067,3.7107,0.5103,,2.48,2.47,2.65,3.0,0.17,
2019-02-12,2.5543,2.8643,3.0748,3.7107,0.5205,,2.5,2.49,2.68,3.02,0.18,
2019-02-13,2.5461,2.8746,3.0719,3.7007,0.5258,,2.53,2.53,2.71,3.04,0.18,
2019-02-14,2.5515,2.8779,3.0726,3.7105,0.5211,,2.5,2.48,2.66,3.01,0.16,
2019-02-15,2.553,2.8794,3.0794,3.7155,0.5264,,2.52,2.49,2.66,3.0,0.14,
2019-02-18,2.5541,2.909,3.1094,3.7322,0.5553,,,,,,,
2019-02-19,2.5555,2.9145,3.1279,3.7215,0.5724,,2.5,2.47,2.65,2.99,0.15,
2019-02-20,2.4943,2.9063,3.1196,3.7265,0.6253,,2.5,2.47,2.65,3.0,0.15,
2019-02-21,2.5331,2.919,3.1361,3.729,0.603,,2.53,2.51,2.69,3.05,0.16,
2019-02-22,2.5256,2.9253,3.1451,3.705,0.6195,,2.48,2.47,2.65,3.02,0.17,
2019-02-25,2.557,2.9956,3.1787,3.7467,0.6217,,2.51,2.48,2.67,3.03,0.16,
2019-02-26,2.5728,3.0473,3.1878,3.7617,0.615,,2.48,2.45,2.64,3.01,0.16,
2019-02-27,2.5783,3.0343,3.1689,3.7417,0.5906,,2.5,2.49,2.69,3.07,0.19,
2019-02-28,2.6035,3.0466,3.1731,3.7517,0.5696,,2.52,2.52,2.73,3.09,0.21,
2019-03-01,2.6035,3.0689,3.187,3.7472,0.5835,,2.55,2.56,2.76,3.13,0.21,
2019-03-04,2.5804,3.0691,3.2023,3.756,0.6219,,2.55,2.53,2.72,3.09,0.17,
2019-03-05,2.6052,3.099,3.2149,3.7619,0.6097,,2.55,2.53,2.72,3.08,0.17,
2019-03-06,2.6057,3.0893,3.2021,3.7623,0.5964,,2.52,2.49,2.69,3.06,0.17,
2019-03-07,2.6059,3.0454,3.1572,3.7423,0.5513,,2.47,2.44,2.64,3.03,0.17,
2019-03-08,2.6061,3.0284,3.1423,3.7272,0.5362,,2.45,2.42,2.62,3.0,0.17,
2019-03-11,2.6124,3.0275,3.1374,3.7222,0.525,,2.47,2.44,2.64,3.03,0.17,
2019-03-12,2.6223,3.0536,3.1424,3.7231,0.5201,,2.45,2.41,2.61,3.0,0.16,
2019-03-13,2.6247,3.0539,3.1375,3.7232,0.5128,,2.45,2.42,2.61,3.02,0.16,
2019-03-14,2.6398,3.0641,3.1475,3.7332,0.5077,,2.46,2.43,2.63,3.04,0.17,
2019-03-15,2.645,3.0625,3.1376,3.7276,0.4926,,2.43,2.4,2.59,3.02,0.16,
2019-03-18,2.6319,3.0715,3.1377,3.7276,0.5058,,2.45,2.42,2.6,3.01,0.15,
2019-03-19,2.6188,3.0767,3.1377,3.7276,0.5189,,2.46,2.42,2.61,3.02,0.15,
2019-03-20,2.6093,3.0711,3.1453,3.7361,0.536,,2.4,2.34,2.54,2.98,0.14,
2019-03-21,2.5998,3.0465,3.1291,3.7253,0.5293,,2.41,2.34,2.54,2.96,0.13,
2019-03-22,2.5979,3.034,3.108,3.7029,0.5101,,2.31,2.24,2.44,2.88,0.13,
2019-03-25,2.6229,3.0101,3.0831,3.6839,0.4602,,2.26,2.21,2.43,2.87,0.17,
2019-03-26,2.5898,2.9928,3.0633,3.6805,0.4735,,2.24,2.18,2.41,2.86,0.17,
2019-03-27,2.6035,2.9937,3.0882,3.688,0.4847,,2.22,2.18,2.39,2.83,0.17,
2019-03-28,2.5925,2.9658,3.0634,3.6828,0.4709,,2.23,2.2,2.39,2.81,0.16,
2019-03-29,2.5852,2.9577,3.0683,3.6631,0.4831,,2.27,2.23,2.41,2.81,0.14,
2019-04-01,2.5733,3.0126,3.1332,3.7079,0.5599,,2.33,2.31,2.49,2.89,0.16,
2019-04-02,2.5887,3.0378,3.1681,3.7174,0.5794,,2.3,2.28,2.48,2.88,0.18,
2019-04-03,2.5906,3.081,3.2331,3.7733,0.6425,,2.33,2.32,2.52,2.93,0.19,
2019-04-04,2.6138,3.1313,3.2679,3.7808,0.6541,,2.33,2.32,2.51,2.92,0.18,
2019-04-05,,,,,,,2.35,2.31,2.5,2.91,0.15,
2019-04-08,2.708,3.1623,3.2482,3.7784,0.5402,,2.36,2.33,2.52,2.93,0.16,
2019-04-09,2.7539,3.2259,3.2882,3.8134,0.5343,,2.35,2.31,2.51,2.92,0.16,
2019-04-10,2.9026,3.21,3.2932,3.8134,0.3906,,2.31,2.28,2.48,2.9,0.17,
2019-04-11,2.9036,3.1793,3.2784,3.8234,0.3748,,2.35,2.31,2.51,2.94,0.16,
2019-04-12,2.8996,3.1778,3.3334,3.8534,0.4338,,2.4,2.38,2.56,2.97,0.16,
2019-04-15,2.9275,3.2414,3.3736,3.9234,0.4461,,2.4,2.37,2.55,2.96,0.15,
2019-04-16,2.9432,3.2565,3.3937,3.9437,0.4505,,2.41,2.41,2.6,2.99,0.19,
2019-04-17,2.9397,3.2567,3.3938,3.9437,0.4541,,2.4,2.4,2.59,2.99,0.19,
2019-04-18,2.912,3.2018,3.3589,3.9237,0.4469,,2.38,2.38,2.57,2.96,0.19,
2019-04-19,2.9089,3.2024,3.3741,3.9569,0.4652,,,,,,,
2019-04-22,2.9334,3.2231,3.4091,3.9739,0.4757,,2.38,2.39,2.59,2.99,0.21,
2019-04-23,2.9541,3.2437,3.3993,3.974,0.4452,,2.36,2.36,2.57,2.98,0.21,
2019-04-24,2.9452,3.2693,3.4343,4.004,0.4891,,2.32,2.32,2.53,2.94,0.21,
2019-04-25,2.9419,3.2441,3.4193,3.984,0.4774,,2.33,2.33,2.54,2.94,0.21,
2019-04-26,2.939,3.214,3.4043,3.9715,0.4653,,2.28,2.29,2.51,2.92,0.23,
2019-04-28,2.8922,3.214,3.4043,3.9715,0.5121,,,,,,,
2019-04-29,2.9223,3.2199,3.4268,3.9743,0.5045,,2.3,2.32,2.54,2.96,0.24,
2019-04-30,2.8918,3.1949,3.3869,3.9593,0.4951,,2.27,2.28,2.51,2.93,0.24,
2019-05-01,,,,,,,2.31,2.31,2.52,2.92,0.21,
2019-05-02,,,,,,,2.35,2.34,2.55,2.94,0.2,
2019-05-03,,,,,,,2.33,2.33,2.54,2.93,0.21,
2019-05-05,2.8918,3.1949,3.3849,3.957,0.4931,,,,,,,
2019-05-06,2.8602,3.1467,3.355,3.9396,0.4948,,2.31,2.3,2.51,2.91,0.2,
2019-05-07,2.8939,3.1628,3.3551,3.9347,0.4612,,2.28,2.25,2.45,2.86,0.17,
2019-05-08,2.9056,3.1537,3.3426,3.9297,0.437,,2.3,2.28,2.49,2.89,0.19,
2019-05-09,2.8679,3.142,3.3116,3.9122,0.4437,,2.26,2.25,2.45,2.87,0.19,
2019-05-10,2.8851,3.1527,3.3017,3.9098,0.4166,,2.26,2.26,2.47,2.89,0.21,
2019-05-13,2.8652,3.1304,3.2709,3.8948,0.4057,,2.18,2.18,2.4,2.83,0.22,
2019-05-14,2.8734,3.16,3.2859,3.9048,0.4125,,2.2,2.2,2.42,2.86,0.22,
2019-05-15,2.9001,3.1486,3.2762,3.9149,0.3761,,2.16,2.15,2.37,2.82,0.21,
2019-05-16,2.9033,3.1293,3.2662,3.9024,0.3629,,2.2,2.18,2.4,2.84,0.2,
2019-05-17,2.9065,3.1344,3.2665,3.9249,0.36,,2.2,2.17,2.39,2.82,0.19,
2019-05-20,2.9065,3.13,3.2717,3.93,0.3652,,2.21,2.21,2.41,2.83,0.2,
2019-05-21,2.9161,3.135,3.299,3.94,0.3829,,2.26,2.23,2.43,2.84,0.17,
2019-05-22,2.911,3.1433,3.3264,3.95,0.4154,,2.23,2.19,2.39,2.82,0.16,
2019-05-23,2.8778,3.1159,3.31,3.935,0.4322,,2.12,2.11,2.31,2.75,0.19,
2019-05-24,2.8557,3.1112,3.3125,3.9351,0.4568,,2.16,2.12,2.32,2.75,0.16,
2019-05-27,2.8838,3.1497,3.35,3.9651,0.4662,,,,,,,
2019-05-28,2.8597,3.1433,3.31,3.9452,0.4503,,2.12,2.06,2.26,2.7,0.14,
2019-05-29,2.8236,3.0925,3.2875,3.9277,0.4639,,2.09,2.05,2.25,2.69,0.16,
2019-05-30,2.8073,3.0682,3.275,3.929,0.4677,,2.06,2.03,2.22,2.65,0.16,
2019-05-31,2.8155,3.0731,3.2751,3.9403,0.4596,,1.95,1.93,2.14,2.58,0.19,
2019-06-03,2.7874,3.058,3.2401,3.9153,0.4527,,1.82,1.83,2.07,2.53,0.25,
2019-06-04,2.7823,3.0427,3.2101,3.8703,0.4278,,1.88,1.89,2.12,2.6,0.24,
2019-06-05,2.7874,3.0484,3.21,3.8554,0.4226,,1.83,1.86,2.12,2.63,0.29,
2019-06-06,2.7771,3.0565,3.2136,3.8454,0.4365,,1.88,1.88,2.12,2.62,0.24,
2019-06-07,,,,,,,1.85,1.85,2.09,2.57,0.24,
2019-06-10,2.7927,3.0765,3.2251,3.8555,0.4324,,1.9,1.91,2.15,2.62,0.25,
2019-06-11,2.8125,3.1134,3.2651,3.8855,0.4526,,1.93,1.92,2.15,2.62,0.22,
2019-06-12,2.9198,3.1132,3.2601,3.8805,0.3403,,1.88,1.88,2.13,2.62,0.25,
2019-06-13,2.9207,3.098,3.2451,3.863,0.3244,,1.83,1.84,2.1,2.61,0.27,
2019-06-14,2.9066,3.0732,3.2302,3.8356,0.3236,,1.84,1.85,2.09,2.59,0.25,
2019-06-17,2.8904,3.0562,3.2252,3.8354,0.3348,,1.86,1.85,2.09,2.58,0.23,
2019-06-18,2.8792,3.0542,3.2302,3.8457,0.351,,1.86,1.83,2.06,2.55,0.2,
2019-06-19,2.8803,3.0679,3.2427,3.8619,0.3624,,1.74,1.77,2.03,2.54,0.29,
2019-06-20,2.8533,3.0511,3.2352,3.8507,0.3819,,1.72,1.74,2.01,2.53,0.29,
2019-06-21,2.848,3.041,3.2303,3.8599,0.3823,,1.77,1.8,2.07,2.59,0.3,
2019-06-24,2.863,3.0618,3.2453,3.8782,0.3823,,1.72,1.75,2.02,2.55,0.3,
2019-06-25,2.8635,3.0517,3.2353,3.8732,0.3718,,1.71,1.73,2.0,2.53,0.29,
2019-06-26,2.8585,3.0627,3.2453,3.8831,0.3868,,1.77,1.8,2.05,2.57,0.28,
2019-06-27,2.8574,3.0775,3.2553,3.888,0.3979,,1.74,1.76,2.01,2.52,0.27,
2019-06-28,2.8484,3.057,3.2254,3.8664,0.377,,1.75,1.76,2.0,2.52,0.25,
2019-07-01,2.8581,3.0578,3.2254,3.8636,0.3673,,1.78,1.79,2.03,2.55,0.25,
2019-07-02,2.8331,3.0093,3.1704,3.8036,0.3373,,1.77,1.75,1.98,2.51,0.21,
2019-07-03,2.8059,2.9976,3.1554,3.7935,0.3495,,1.77,1.74,1.96,2.47,0.19,
2019-07-04,2.812,2.9848,3.1479,3.7887,0.3359,,,,,,,
2019-07-05,2.8202,3.0182,3.1705,3.7945,0.3503,,1.87,1.84,2.04,2.54,0.17,
2019-07-08,2.8321,3.0284,3.1805,3.813,0.3484,,1.88,1.86,2.05,2.53,0.17,
2019-07-09,2.8393,3.0229,3.168,3.8108,0.3287,,1.92,1.88,2.07,2.54,0.15,
2019-07-10,2.7667,3.0203,3.1706,3.8136,0.4039,,1.82,1.82,2.07,2.57,0.25,
2019-07-11,2.7584,3.0206,3.168,3.8045,0.4096,,1.85,1.88,2.13,2.65,0.28,
2019-07-12,2.7855,3.0101,3.1531,3.7972,0.3676,,1.84,1.86,2.12,2.64,0.28,
2019-07-15,2.7817,3.0308,3.1782,3.8185,0.3965,,1.83,1.84,2.09,2.61,0.26,
2019-07-16,2.7822,3.0311,3.1732,3.8299,0.391,,1.87,1.88,2.13,2.63,0.26,
2019-07-17,2.7823,3.0267,3.1757,3.8371,0.3934,,1.83,1.83,2.06,2.57,0.23,
2019-07-18,2.7827,3.0084,3.1608,3.8298,0.3781,,1.77,1.78,2.04,2.56,0.27,
2019-07-19,2.7731,3.0089,3.1559,3.8633,0.3828,,1.8,1.8,2.05,2.57,0.25,
2019-07-22,2.7843,2.999,3.1484,3.8375,0.3641,,1.8,1.8,2.05,2.58,0.25,
2019-07-23,2.7747,2.9919,3.1484,3.8288,0.3737,,1.83,1.83,2.08,2.61,0.25,
2019-07-24,2.7752,3.0098,3.171,3.8501,0.3958,,1.83,1.82,2.05,2.58,0.22,
2019-07-25,2.7754,3.0051,3.1635,3.8426,0.3881,,1.86,1.85,2.08,2.6,0.22,
2019-07-26,2.7709,3.0081,3.1661,3.8427,0.3952,,1.86,1.85,2.08,2.59,0.22,
2019-07-29,2.7721,3.0246,3.1836,3.8578,0.4115,,1.85,1.84,2.06,2.59,0.21,
2019-07-30,2.7725,3.0195,3.1761,3.8553,0.4036,,1.85,1.84,2.06,2.58,0.21,
2019-07-31,2.7577,2.9994,3.1552,3.8279,0.3975,,1.89,1.84,2.02,2.53,0.13,
2019-08-01,2.7582,2.9838,3.1487,3.8255,0.3905,,1.73,1.68,1.9,2.44,0.17,
2019-08-02,2.7489,2.9427,3.0914,3.7707,0.3425,,1.72,1.66,1.86,2.39,0.14,
2019-08-05,2.7283,2.9102,3.0563,3.7185,0.328,,1.59,1.55,1.75,2.3,0.16,
2019-08-06,2.7026,2.9199,3.0613,3.726,0.3587,,1.6,1.53,1.73,2.25,0.13,
2019-08-07,2.6991,2.935,3.0514,3.7111,0.3523,,1.59,1.52,1.71,2.22,0.12,
2019-08-08,2.7042,2.9362,3.0465,3.711,0.3423,,1.62,1.54,1.72,2.25,0.1,
2019-08-09,2.6999,2.9061,3.0216,3.6837,0.3217,,1.63,1.57,1.74,2.26,0.11,
2019-08-12,2.7206,2.9205,3.0391,3.6963,0.3185,,1.58,1.49,1.65,2.14,0.07,
2019-08-13,2.7207,2.9011,3.0041,3.6517,0.2834,,1.66,1.57,1.68,2.15,0.02,
2019-08-14,2.6959,2.91,3.0105,3.6117,0.3146,,1.58,1.51,1.59,2.03,0.01,
2019-08-15,2.7093,2.9182,3.0115,3.6017,0.3022,,1.48,1.42,1.52,1.98,0.04,
2019-08-16,2.7057,2.9369,3.0217,3.6168,0.316,,1.48,1.42,1.55,2.01,0.07,
2019-08-19,2.7062,2.9192,3.0191,3.6069,0.3129,,1.53,1.47,1.6,2.08,0.07,
2019-08-20,2.7031,2.9313,3.0317,3.6219,0.3286,,1.5,1.42,1.55,2.04,0.05,
2019-08-21,2.7034,2.9603,3.0567,3.6518,0.3533,,1.56,1.47,1.59,2.07,0.03,
2019-08-22,2.7044,2.9613,3.0543,3.6593,0.3499,,1.61,1.5,1.62,2.11,0.01,
2019-08-23,2.6943,2.9634,3.0644,3.6644,0.3701,,1.51,1.4,1.52,2.02,0.01,
2019-08-26,2.6905,2.9443,3.0494,3.6471,0.3589,,1.54,1.43,1.54,2.04,0.0,
2019-08-27,2.7159,2.9508,3.052,3.6622,0.3361,,1.53,1.4,1.49,1.97,-0.04,
2019-08-28,2.6998,2.9568,3.052,3.6622,0.3522,,1.5,1.37,1.47,1.94,-0.03,
2019-08-29,2.72,2.9297,3.0321,3.6469,0.3121,,1.53,1.4,1.5,1.97,-0.03,
2019-08-30,2.7013,2.9627,3.0573,3.6823,0.356,,1.5,1.39,1.5,1.96,0.0,
2019-09-02,2.7079,2.9773,3.0723,3.7021,0.3644,,,,,,,
2019-09-03,2.6981,2.9748,3.0624,3.6922,0.3643,,1.47,1.35,1.47,1.95,0.0,
2019-09-04,2.7137,2.9561,3.0473,3.6674,0.3336,,1.43,1.32,1.47,1.97,0.04,
2019-09-05,2.7139,2.9257,3.0173,3.6207,0.3034,,1.55,1.43,1.57,2.06,0.02,
2019-09-06,2.7031,2.9081,3.0173,3.6182,0.3142,,1.53,1.42,1.55,2.02,0.02,
2019-09-09,2.6936,2.9361,3.025,3.6259,0.3314,,1.58,1.49,1.63,2.11,0.05,
2019-09-10,2.7132,2.9548,3.0425,3.6359,0.3293,,1.67,1.58,1.72,2.19,0.05,
2019-09-11,2.7147,2.9519,3.0525,3.6386,0.3378,,1.68,1.6,1.75,2.22,0.07,
2019-09-12,2.7059,2.9802,3.0876,3.6684,0.3817,,1.72,1.65,1.79,2.22,0.07,
2019-09-13,,,,,,,1.79,1.75,1.9,2.37,0.11,
2019-09-16,2.6968,2.9769,3.0926,3.6688,0.3958,,1.74,1.69,1.84,2.31,0.1,
2019-09-17,2.6965,2.9879,3.1076,3.6789,0.4111,,1.72,1.66,1.81,2.27,0.09,
2019-09-18,2.7045,3.0033,3.1278,3.7191,0.4233,,1.77,1.68,1.8,2.25,0.03,
2019-09-19,2.704,2.9977,3.1053,3.7042,0.4013,,1.74,1.66,1.79,2.22,0.05,
2019-09-20,2.707,2.9894,3.098,3.6968,0.391,,1.69,1.61,1.74,2.17,0.05,
2019-09-23,2.7031,2.9841,3.1005,3.702,0.3974,,1.68,1.59,1.72,2.16,0.04,
2019-09-24,2.7092,2.9979,3.1205,3.7196,0.4113,,1.6,1.52,1.64,2.09,0.04,
2019-09-25,2.7008,2.9904,3.1157,3.7247,0.4149,,1.68,1.6,1.73,2.18,0.05,
2019-09-26,2.7075,3.0085,3.1381,3.7448,0.4306,,1.66,1.59,1.7,2.15,0.04,
2019-09-27,2.709,3.0163,3.1482,3.7589,0.4392,,1.63,1.56,1.69,2.13,0.06,
2019-09-29,2.71,3.0051,3.1434,3.7539,0.4334,,,,,,,
2019-09-30,2.7203,3.0123,3.1411,3.7501,0.4208,,1.63,1.55,1.68,2.12,0.05,
2019-10-01,,,,,,,1.56,1.51,1.65,2.11,0.09,
2019-10-02,,,,,,,1.48,1.43,1.6,2.09,0.12,
2019-10-03,,,,,,,1.39,1.34,1.54,2.04,0.15,
2019-10-04,,,,,,,1.4,1.34,1.52,2.01,0.12,
2019-10-07,,,,,,,1.46,1.38,1.56,2.05,0.1,
2019-10-08,2.7117,2.9971,3.1063,3.7257,0.3946,,1.42,1.36,1.54,2.04,0.12,
2019-10-09,2.6871,2.9998,3.1089,3.7258,0.4218,,1.47,1.4,1.59,2.08,0.12,
2019-10-10,2.6824,3.0188,3.1289,3.7458,0.4465,,1.53,1.48,1.67,2.16,0.14,
2019-10-11,2.6892,3.0385,3.1564,3.7638,0.4672,,1.63,1.59,1.76,2.22,0.13,
2019-10-12,2.6907,3.0466,3.1716,3.7885,0.4809,,,,,,,
2019-10-14,2.7023,3.0467,3.1641,3.7811,0.4618,,,,,,,
2019-10-15,2.7047,3.0524,3.1668,3.796,0.4621,,1.61,1.59,1.77,2.23,0.16,
2019-10-16,2.7258,3.0074,3.1693,3.7912,0.4435,,1.58,1.57,1.75,2.23,0.17,
2019-10-17,2.7234,3.0003,3.1569,3.7839,0.4335,,1.6,1.57,1.76,2.24,0.16,
2019-10-18,2.7251,2.9803,3.187,3.8188,0.4619,,1.58,1.56,1.76,2.25,0.18,
2019-10-21,2.7355,3.0287,3.2196,3.8464,0.4841,,1.62,1.61,1.8,2.28,0.18,
2019-10-22,2.734,3.0415,3.2196,3.8416,0.4856,,1.6,1.6,1.78,2.26,0.18,
2019-10-23,2.724,3.0266,3.2122,3.8369,0.4882,,1.58,1.58,1.77,2.25,0.19,
2019-10-24,2.7159,3.0246,3.2196,3.8368,0.5037,,1.58,1.58,1.77,2.26,0.19,
2019-10-25,2.724,3.0273,3.2372,3.8564,0.5132,,1.63,1.62,1.8,2.29,0.17,
2019-10-28,2.7261,3.0633,3.2924,3.9054,0.5663,,1.64,1.66,1.85,2.34,0.21,
2019-10-29,2.7466,3.0839,3.3029,3.9104,0.5563,,1.64,1.66,1.84,2.33,0.2,
2019-10-30,2.7773,3.1239,3.3125,3.9158,0.5352,,1.61,1.61,1.78,2.26,0.17,
2019-10-31,2.7664,3.081,3.288,3.8962,0.5216,,1.52,1.51,1.69,2.17,0.17,
2019-11-01,2.7631,3.0639,3.2757,3.8815,0.5126,,1.56,1.55,1.73,2.21,0.17,
2019-11-04,2.7789,3.0896,3.2954,3.8963,0.5165,,1.6,1.6,1.79,2.27,0.19,
2019-11-05,2.7754,3.0598,3.2454,3.8589,0.47,,1.63,1.66,1.86,2.34,0.23,
2019-11-06,2.7757,3.0655,3.2555,3.8639,0.4798,,1.61,1.63,1.81,2.3,0.2,
2019-11-07,2.7629,3.0708,3.2736,3.8803,0.5107,,1.68,1.74,1.92,2.4,0.24,
2019-11-08,2.7577,3.0656,3.2765,3.8805,0.5188,,1.68,1.74,1.94,2.43,0.26,
2019-11-11,2.759,3.0485,3.2463,3.8709,0.4873,,,,,,,
2019-11-12,2.76,3.0563,3.255,3.8682,0.495,,1.66,1.73,1.92,2.39,0.26,
2019-11-13,2.771,3.0566,3.237,3.8561,0.466,,1.63,1.69,1.88,2.36,0.25,
2019-11-14,2.745,3.0645,3.2555,3.8733,0.5105,,1.58,1.63,1.82,2.31,0.24,
2019-11-15,2.7737,3.0517,3.2355,3.8512,0.4618,,1.61,1.65,1.84,2.31,0.23,
2019-11-18,2.7406,3.0227,3.1993,3.8118,0.4587,,1.6,1.63,1.81,2.3,0.21,
2019-11-19,2.7209,2.9977,3.1743,3.7776,0.4534,,1.6,1.63,1.79,2.26,0.19,
2019-11-20,2.7086,2.9827,3.1747,3.7826,0.4661,,1.56,1.58,1.73,2.2,0.17,
2019-11-21,2.6912,2.9684,3.1749,3.7652,0.4837,,1.6,1.62,1.77,2.24,0.17,
2019-11-22,2.6839,2.9688,3.1747,3.7627,0.4908,,1.61,1.62,1.77,2.22,0.16,
2019-11-25,2.6918,2.9949,3.1875,3.7938,0.4957,,1.61,1.62,1.76,2.21,0.15,
2019-11-26,2.6944,2.9801,3.1675,3.7819,0.4731,,1.58,1.58,1.74,2.18,0.16,
2019-11-27,2.6891,2.9853,3.17,3.7864,0.4809,,1.63,1.63,1.77,2.19,0.14,
2019-11-28,2.6868,2.9827,3.165,3.7838,0.4782,,,,,,,
2019-11-29,2.6818,2.9755,3.165,3.7718,0.4832,,1.61,1.62,1.78,2.21,0.17,
2019-12-02,2.7086,3.0065,3.2062,3.7985,0.4976,,1.61,1.65,1.83,2.28,0.22,
2019-12-03,2.6929,3.0047,3.1746,3.7848,0.4817,,1.53,1.54,1.72,2.17,0.19,
2019-12-04,2.678,2.9769,3.1751,3.7748,0.4971,,1.58,1.6,1.77,2.22,0.19,
2019-12-05,2.6751,2.9768,3.1776,3.7808,0.5025,,1.58,1.62,1.8,2.24,0.22,
2019-12-06,2.7051,2.987,3.1751,3.7856,0.47,,1.61,1.67,1.84,2.29,0.23,
2019-12-09,2.7045,3.0028,3.1903,3.7932,0.4858,,1.63,1.67,1.83,2.27,0.2,
2019-12-10,2.7048,3.0036,3.1776,3.7834,0.4728,,1.65,1.68,1.85,2.26,0.2,
2019-12-11,2.7093,2.9883,3.1702,3.7787,0.4609,,1.61,1.64,1.79,2.23,0.18,
2019-12-12,2.692,2.9839,3.1652,3.7784,0.4732,,1.66,1.73,1.9,2.32,0.24,
2019-12-13,2.6938,2.992,3.1828,3.7904,0.489,,1.61,1.66,1.82,2.26,0.21,
2019-12-16,2.7064,2.9927,3.1854,3.7956,0.479,,1.65,1.72,1.89,2.3,0.24,
2019-12-17,2.7004,3.0105,3.2133,3.82,0.5129,,1.63,1.71,1.89,2.31,0.26,
2019-12-18,2.6848,3.0099,3.2139,3.8271,0.5291,,1.63,1.74,1.92,2.35,0.29,
2019-12-19,2.6616,3.0002,3.2139,3.8202,0.5523,,1.62,1.73,1.92,2.35,0.3,
2019-12-20,2.6237,2.9678,3.1808,3.7813,0.5571,,1.63,1.73,1.92,2.34,0.29,
2019-12-23,2.5567,2.9428,3.1661,3.7569,0.6094,,1.64,1.75,1.93,2.35,0.29,
2019-12-24,2.5376,2.9288,3.1535,3.744,0.6159,,1.62,1.72,1.9,2.33,0.28,
2019-12-25,2.531,2.9236,3.1463,3.7307,0.6153,,,,,,,
2019-12-26,2.5059,2.8881,3.1137,3.7052,0.6078,,1.64,1.72,1.9,2.33,0.26,
2019-12-27,2.4927,2.8851,3.1292,3.7114,0.6365,,1.59,1.68,1.88,2.32,0.29,
2019-12-30,2.4743,2.8872,3.1322,3.7207,0.6579,,1.58,1.68,1.9,2.34,0.32,
2019-12-31,2.4784,2.8897,3.1365,3.7149,0.6581,6.1,1.58,1.69,1.92,2.39,0.34,2.6
2020-01-02,2.5316,2.9156,3.1485,3.7324,0.6169,,1.58,1.67,1.88,2.33,0.3,
2020-01-03,2.5366,2.9353,3.1428,3.7265,0.6062,,1.53,1.59,1.8,2.26,0.27,
2020-01-06,2.5048,2.9059,3.1352,3.716,0.6304,,1.54,1.61,1.81,2.28,0.27,
2020-01-07,2.4926,2.9179,3.1379,3.7213,0.6453,,1.54,1.62,1.83,2.31,0.29,
2020-01-08,2.5038,2.902,3.1337,3.7122,0.6299,,1.58,1.67,1.87,2.35,0.29,
2020-01-09,2.5122,2.8961,3.1184,3.6973,0.6062,,1.58,1.65,1.85,2.38,0.27,
2020-01-10,2.5068,2.8643,3.0819,3.6686,0.5751,,1.56,1.63,1.83,2.28,0.27,
2020-01-13,2.5118,2.8703,3.084,3.6682,0.5722,,1.58,1.65,1.85,2.3,0.27,
2020-01-14,2.5118,2.8936,3.0994,3.6804,0.5876,,1.58,1.63,1.82,2.27,0.24,
2020-01-15,2.5017,2.889,3.0897,3.6783,0.588,,1.56,1.6,1.79,2.23,0.23,
2020-01-16,2.5094,2.8867,3.0918,3.6783,0.5824,,1.58,1.63,1.81,2.26,0.23,
2020-01-17,2.5115,2.8697,3.0832,3.6687,0.5717,,1.58,1.63,1.84,2.29,0.26,
2020-01-19,2.5104,2.8699,3.078,3.6687,0.5676,,,,,,,
2020-01-20,2.4929,2.8592,3.0776,3.6588,0.5847,,,,,,,
2020-01-21,2.4772,2.8174,3.0337,3.6036,0.5565,,1.53,1.57,1.78,2.23,0.25,
2020-01-22,2.4792,2.8242,3.0282,3.6146,0.549,,1.53,1.57,1.77,2.22,0.24,
2020-01-23,2.4793,2.7883,2.9932,3.5746,0.5139,,1.51,1.55,1.74,2.18,0.23,
2020-01-24,,,,,,,1.49,1.51,1.7,2.14,0.21,
2020-01-27,,,,,,,1.44,1.44,1.61,2.05,0.17,
2020-01-28,,,,,,,1.45,1.47,1.65,2.1,0.2,
2020-01-29,,,,,,,1.42,1.41,1.6,2.05,0.18,
2020-01-30,,,,,,,1.41,1.39,1.57,2.04,0.16,
2020-01-31,,,,,,,1.33,1.32,1.51,1.99,0.18,
2020-02-03,2.33,2.6269,2.8231,3.4252,0.4931,,1.36,1.35,1.54,2.01,0.18,
2020-02-04,2.3694,2.6399,2.8551,3.4488,0.4857,,1.41,1.42,1.61,2.08,0.2,
2020-02-05,2.359,2.6348,2.844,3.446,0.485,,1.44,1.46,1.66,2.14,0.22,
2020-02-06,2.3468,2.6353,2.8392,3.4437,0.4924,,1.44,1.45,1.65,2.11,0.21,
2020-02-07,2.3242,2.5917,2.8024,3.4059,0.4782,,1.41,1.41,1.59,2.05,0.18,
2020-02-10,2.3083,2.5642,2.7872,3.3993,0.4789,,1.37,1.38,1.56,2.03,0.19,
2020-02-11,2.3155,2.5956,2.834,3.4363,0.5185,,1.41,1.4,1.59,2.05,0.18,
2020-02-12,2.296,2.6067,2.8333,3.4389,0.5373,,1.44,1.45,1.62,2.09,0.18,
2020-02-13,2.2935,2.6076,2.8201,3.432,0.5266,,1.44,1.43,1.61,2.07,0.17,
2020-02-14,2.3127,2.6229,2.8631,3.4659,0.5504,,1.42,1.42,1.59,2.04,0.17,
2020-02-17,2.3138,2.6545,2.8928,3.4998,0.579,,,,,,,
2020-02-18,2.2897,2.6473,2.8664,3.4748,0.5767,,1.41,1.39,1.55,2.0,0.14,
2020-02-19,2.3008,2.6545,2.8776,3.4748,0.5768,,1.42,1.41,1.56,2.01,0.14,
2020-02-20,2.3542,2.6834,2.8857,3.4999,0.5315,,1.39,1.37,1.52,1.97,0.13,
2020-02-21,2.3063,2.6634,2.847,3.46,0.5407,,1.34,1.3,1.46,1.9,0.12,
2020-02-24,2.2708,2.6311,2.812,3.4309,0.5412,,1.26,1.21,1.38,1.84,0.12,
2020-02-25,2.2892,2.6384,2.822,3.4421,0.5328,,1.2,1.16,1.33,1.8,0.13,
2020-02-26,2.2898,2.6283,2.7973,3.4271,0.5075,,1.16,1.14,1.33,1.81,0.17,
2020-02-27,2.2845,2.5953,2.7702,3.404,0.4857,,1.11,1.11,1.3,1.79,0.19,
2020-02-28,2.2545,2.5266,2.7376,3.3726,0.4831,,0.86,0.89,1.13,1.65,0.27,
2020-03-02,2.2545,2.5372,2.7428,3.3836,0.4883,,0.84,0.88,1.1,1.66,0.26,
2020-03-03,2.2545,2.5315,2.7478,3.3846,0.4933,,0.71,0.77,1.02,1.64,0.31,
2020-03-04,2.2325,2.4843,2.673,3.3425,0.4405,,0.67,0.75,1.02,1.67,0.35,
2020-03-05,2.2275,2.4918,2.6829,3.353,0.4554,,0.59,0.67,0.92,1.56,0.33,
2020-03-06,2.185,2.4575,2.628,3.3061,0.443,,0.49,0.58,0.74,1.25,0.25,
2020-03-09,2.1004,2.3606,2.5205,3.1449,0.4201,,0.38,0.46,0.54,0.99,0.16,
2020-03-10,2.1504,2.4591,2.613,3.2398,0.4626,,0.5,0.63,0.76,1.28,0.26,
2020-03-11,2.1204,2.4539,2.6079,3.2118,0.4875,,0.5,0.66,0.82,1.3,0.32,
2020-03-12,2.1372,2.4769,2.6379,3.2277,0.5007,,0.5,0.66,0.88,1.49,0.38,
2020-03-13,2.1593,2.5381,2.6759,3.3002,0.5166,,0.49,0.7,0.94,1.56,0.45,
2020-03-16,2.194,2.5224,2.6758,3.2832,0.4818,,0.36,0.49,0.73,1.34,0.37,
2020-03-17,2.209,2.5508,2.7135,3.34,0.5045,,0.47,0.66,1.02,1.63,0.55,
2020-03-18,2.209,2.5443,2.7136,3.355,0.5046,,0.54,0.79,1.18,1.77,0.64,
2020-03-19,2.1959,2.5546,2.7299,3.3701,0.534,,0.44,0.66,1.12,1.78,0.68,
2020-03-20,2.1716,2.5217,2.6815,3.3301,0.5099,,0.37,0.52,0.92,1.55,0.55,
2020-03-23,2.1266,2.4672,2.6315,3.2753,0.5049,,0.28,0.38,0.76,1.33,0.48,
2020-03-24,2.0654,2.4497,2.6289,3.2704,0.5635,,0.38,0.52,0.84,1.39,0.46,
2020-03-25,2.0259,2.4373,2.6289,3.2604,0.603,,0.34,0.56,0.88,1.45,0.54,
2020-03-26,1.9664,2.3714,2.594,3.2255,0.6276,,0.3,0.51,0.83,1.42,0.53,
2020-03-27,1.9855,2.4038,2.609,3.2405,0.6235,,0.25,0.41,0.72,1.29,0.47,
2020-03-30,1.9547,2.3828,2.6142,3.2408,0.6595,,0.23,0.39,0.7,1.31,0.47,
2020-03-31,1.9053,2.3372,2.5899,3.2107,0.6846,,0.23,0.37,0.7,1.35,0.47,
2020-04-01,1.9062,2.3119,2.555,3.1857,0.6488,,0.23,0.37,0.62,1.27,0.39,
2020-04-02,1.9102,2.3366,2.5854,3.2208,0.6752,,0.23,0.39,0.63,1.26,0.4,
2020-04-03,1.9311,2.3142,2.5965,3.2507,0.6654,,0.23,0.39,0.62,1.24,0.39,
2020-04-06,,,,,,,0.27,0.44,0.67,1.27,0.4,
2020-04-07,1.6829,2.1776,2.5112,3.1761,0.8283,,0.28,0.48,0.75,1.32,0.47,
2020-04-08,1.5452,2.0454,2.4824,3.161,0.9372,,0.27,0.47,0.77,1.37,0.5,
2020-04-09,1.6096,2.0776,2.5226,3.2313,0.913,,0.23,0.41,0.73,1.35,0.5,
2020-04-10,1.6609,2.115,2.5403,3.271,0.8794,,,,,,,
2020-04-13,1.6879,2.0717,2.5658,3.2762,0.8779,,0.25,0.44,0.76,1.39,0.51,
2020-04-14,1.6299,2.0423,2.5591,3.2835,0.9292,,0.23,0.42,0.76,1.41,0.53,
2020-04-15,1.5816,2.028,2.5455,3.2911,0.9639,,0.2,0.34,0.63,1.27,0.43,
2020-04-16,1.5688,2.0236,2.5276,3.2765,0.9588,,0.2,0.35,0.61,1.21,0.41,
2020-04-17,1.5719,2.0293,2.559,3.306,0.9871,,0.2,0.36,0.65,1.27,0.45,
2020-04-20,1.5393,2.0262,2.592,3.3753,1.0527,,0.2,0.35,0.63,1.23,0.43,
2020-04-21,1.4636,1.9871,2.5791,3.361,1.1155,,0.2,0.34,0.58,1.17,0.38,
2020-04-22,1.3814,1.8665,2.5567,3.3412,1.1753,,0.22,0.37,0.63,1.22,0.41,
2020-04-23,1.3268,1.8372,2.5227,3.2916,1.1959,,0.22,0.37,0.61,1.18,0.39,
2020-04-24,1.3725,1.8385,2.51,3.2817,1.1375,,0.22,0.36,0.6,1.17,0.38,
2020-04-26,1.3734,1.8424,2.5205,3.2842,1.1471,,,,,,,
2020-04-27,1.3775,1.8633,2.5345,3.3043,1.157,,0.24,0.41,0.67,1.25,0.43,
2020-04-28,1.368,1.8463,2.5254,3.3019,1.1574,,0.2,0.37,0.62,1.2,0.42,
2020-04-29,1.34,1.7903,2.5009,3.287,1.1609,,0.2,0.36,0.63,1.24,0.43,
2020-04-30,1.3725,1.7886,2.538,3.3242,1.1655,,0.2,0.36,0.64,1.28,0.44,
2020-05-01,,,,,,,0.2,0.36,0.64,1.27,0.44,
2020-05-04,,,,,,,0.19,0.36,0.64,1.29,0.45,
2020-05-05,,,,,,,0.19,0.36,0.66,1.32,0.47,
2020-05-06,1.4058,1.8361,2.5809,3.3669,1.1751,,0.17,0.37,0.72,1.41,0.55,
2020-05-07,1.4528,1.926,2.6298,3.4063,1.177,,0.13,0.29,0.63,1.31,0.5,
2020-05-08,1.4657,1.9362,2.6207,3.4063,1.155,,0.16,0.33,0.69,1.39,0.53,
2020-05-09,1.4559,1.9468,2.64,3.4213,1.1841,,,,,,,
2020-05-11,1.5199,2.0187,2.6698,3.4564,1.1499,,0.17,0.36,0.73,1.43,0.56,
2020-05-12,1.5212,2.0247,2.6603,3.4514,1.1391,,0.17,0.34,0.69,1.38,0.52,
2020-05-13,1.5433,2.051,2.7076,3.4802,1.1643,,0.16,0.31,0.64,1.35,0.48,
2020-05-14,1.5365,2.0131,2.6989,3.489,1.1624,,0.16,0.31,0.63,1.3,0.47,
2020-05-15,1.524,1.9702,2.682,3.4963,1.158,,0.16,0.31,0.64,1.32,0.48,
2020-05-18,1.5776,2.0592,2.7253,3.5434,1.1477,,0.18,0.38,0.73,1.44,0.55,
2020-05-19,1.6117,2.1163,2.7272,3.5362,1.1155,,0.17,0.35,0.7,1.43,0.53,
2020-05-20,1.6284,2.1278,2.69,3.5118,1.0616,,0.16,0.34,0.68,1.4,0.52,
2020-05-21,1.6431,2.1576,2.685,3.5072,1.0419,,0.17,0.35,0.68,1.4,0.51,
2020-05-22,1.5947,2.045,2.6176,3.4434,1.0229,,0.17,0.34,0.66,1.37,0.49,
2020-05-25,1.6632,2.1377,2.6852,3.4934,1.022,,,,,,,
2020-05-26,1.7376,2.2295,2.7402,3.5283,1.0026,,0.18,0.35,0.69,1.43,0.51,
2020-05-27,1.8594,2.2956,2.7527,3.5181,0.8933,,0.19,0.34,0.68,1.44,0.49,
2020-05-28,1.8439,2.2562,2.7201,3.5033,0.8762,,0.17,0.34,0.7,1.47,0.53,
2020-05-29,1.8545,2.2241,2.7053,3.4934,0.8508,,0.16,0.3,0.65,1.41,0.49,
2020-06-01,1.8536,2.2369,2.7253,3.5035,0.8717,,0.14,0.31,0.66,1.46,0.52,
2020-06-02,2.0187,2.3658,2.7852,3.5584,0.7665,,0.17,0.32,0.68,1.48,0.51,
2020-06-03,2.1431,2.372,2.7901,3.5685,0.647,,0.19,0.38,0.77,1.56,0.58,
2020-06-04,2.2335,2.4656,2.8301,3.5934,0.5966,,0.19,0.4,0.82,1.61,0.63,
2020-06-05,2.2572,2.5258,2.8475,3.6034,0.5903,,0.22,0.47,0.91,1.68,0.69,
2020-06-08,2.2335,2.4969,2.8101,3.5837,0.5766,,0.22,0.45,0.88,1.65,0.66,
2020-06-09,2.2112,2.5002,2.8031,3.5863,0.5919,,0.2,0.4,0.84,1.59,0.64,
2020-06-10,2.2655,2.5134,2.8201,3.5837,0.5546,,0.17,0.33,0.75,1.53,0.58,
2020-06-11,2.2442,2.4818,2.7701,3.5236,0.5259,,0.19,0.32,0.66,1.41,0.47,
2020-06-12,2.221,2.469,2.7451,3.5012,0.5241,,0.19,0.33,0.71,1.45,0.52,
2020-06-15,2.243,2.5118,2.7878,3.5236,0.5448,,0.19,0.33,0.71,1.45,0.52,
2020-06-16,2.2844,2.5993,2.8402,3.5736,0.5558,,0.21,0.34,0.75,1.54,0.54,
2020-06-17,2.3373,2.6455,2.8802,3.5972,0.5429,,0.19,0.34,0.74,1.52,0.55,
2020-06-18,2.3294,2.6136,2.8527,3.5836,0.5233,,0.19,0.34,0.71,1.47,0.52,
2020-06-19,2.339,2.6227,2.8752,3.6112,0.5362,,0.19,0.33,0.7,1.47,0.51,
2020-06-22,2.3862,2.6681,2.9153,3.626,0.5291,,0.19,0.34,0.71,1.46,0.52,
2020-06-23,2.4015,2.6517,2.9127,3.6235,0.5112,,0.18,0.33,0.72,1.49,0.54,
2020-06-24,2.325,2.5861,2.8614,3.5888,0.5364,,0.19,0.33,0.69,1.44,0.5,
2020-06-25,,,,,,,0.17,0.32,0.68,1.43,0.51,
2020-06-26,,,,,,,0.17,0.3,0.64,1.37,0.47,
2020-06-28,2.278,2.5723,2.8404,3.574,0.5624,,,,,,,
2020-06-29,2.2857,2.591,2.8504,3.5916,0.5647,,0.16,0.28,0.64,1.39,0.48,
2020-06-30,2.2446,2.5542,2.823,3.5591,0.5784,,0.16,0.29,0.66,1.41,0.5,
2020-07-01,2.2853,2.5976,2.8456,3.5766,0.5603,,0.17,0.31,0.69,1.43,0.52,
2020-07-02,2.2684,2.5753,2.8584,3.579,0.59,,0.16,0.29,0.68,1.43,0.52,
2020-07-03,2.2942,2.6084,2.8974,3.6139,0.6032,,,,,,,
2020-07-06,2.4666,2.751,2.9959,3.6887,0.5293,,0.16,0.31,0.69,1.45,0.53,
2020-07-07,2.4431,2.7925,3.0158,3.7087,0.5727,,0.16,0.29,0.65,1.38,0.49,
2020-07-08,2.5198,2.8522,3.0632,3.7435,0.5434,,0.16,0.3,0.67,1.39,0.51,
2020-07-09,2.5039,2.8995,3.0809,3.7687,0.577,,0.16,0.28,0.62,1.32,0.46,
2020-07-10,2.504,2.8423,3.0305,3.7439,0.5265,,0.16,0.3,0.65,1.33,0.49,
2020-07-13,2.5845,2.8905,3.0557,3.759,0.4712,,0.16,0.3,0.64,1.33,0.48,
2020-07-14,2.5509,2.8272,3.0057,3.737,0.4548,,0.14,0.28,0.63,1.3,0.49,
2020-07-15,2.489,2.7402,2.9559,3.7048,0.4669,,0.16,0.28,0.64,1.33,0.48,
2020-07-16,2.4794,2.7133,2.9459,3.6949,0.4665,,0.16,0.28,0.62,1.31,0.46,
2020-07-17,2.4433,2.7022,2.9507,3.6998,0.5074,,0.14,0.29,0.64,1.33,0.5,
2020-07-20,2.4251,2.67,2.9311,3.6953,0.506,,0.16,0.29,0.62,1.32,0.46,
2020-07-21,2.4071,2.6326,2.9011,3.6653,0.494,,0.14,0.27,0.61,1.31,0.47,
2020-07-22,2.355,2.6253,2.8861,3.6402,0.5311,,0.14,0.27,0.6,1.29,0.46,
2020-07-23,2.3779,2.6379,2.9064,3.66,0.5285,,0.16,0.27,0.59,1.24,0.43,
2020-07-24,2.3701,2.5999,2.8612,3.6,0.4911,,0.14,0.27,0.59,1.23,0.45,
2020-07-27,2.3808,2.6284,2.8791,3.5973,0.4983,,0.15,0.3,0.62,1.25,0.47,
2020-07-28,2.4196,2.6762,2.9214,3.6449,0.5018,,0.14,0.26,0.59,1.22,0.45,
2020-07-29,2.4393,2.6829,2.9415,3.6645,0.5022,,0.12,0.25,0.58,1.24,0.46,
2020-07-30,2.4551,2.6794,2.9364,3.6648,0.4813,,0.11,0.23,0.55,1.2,0.44,
2020-07-31,2.4696,2.7022,2.9664,3.7031,0.4968,,0.11,0.21,0.55,1.2,0.44,
2020-08-03,2.4996,2.6845,2.9466,3.6945,0.447,,0.11,0.22,0.56,1.23,0.45,
2020-08-04,2.5273,2.7007,2.9365,3.6945,0.4092,,0.11,0.19,0.52,1.19,0.41,
2020-08-05,2.5694,2.7638,2.9592,3.718,0.3898,,0.11,0.22,0.55,1.22,0.44,
2020-08-06,2.6097,2.8211,2.9816,3.7498,0.3719,,0.11,0.21,0.55,1.2,0.44,
2020-08-07,2.6273,2.8311,2.9918,3.7685,0.3645,,0.13,0.23,0.57,1.23,0.44,
2020-08-10,2.6113,2.806,2.9543,3.7255,0.343,,0.14,0.24,0.59,1.25,0.45,
2020-08-11,2.606,2.8267,2.9544,3.7198,0.3484,,0.16,0.27,0.64,1.32,0.48,
2020-08-12,2.6578,2.865,2.962,3.7293,0.3042,,0.16,0.3,0.69,1.37,0.53,
2020-08-13,2.6455,2.8397,2.9555,3.7198,0.31,,0.16,0.32,0.71,1.42,0.55,
2020-08-14,2.6157,2.8209,2.9369,3.7021,0.3212,,0.14,0.29,0.71,1.45,0.57,
2020-08-17,2.6128,2.8106,2.9421,3.6949,0.3293,,0.14,0.29,0.69,1.43,0.55,
2020-08-18,2.6231,2.8458,2.9771,3.7189,0.354,,0.14,0.27,0.67,1.4,0.53,
2020-08-19,2.6534,2.8844,2.9921,3.7342,0.3387,,0.14,0.29,0.68,1.42,0.54,
2020-08-20,2.6693,2.9115,2.9973,3.7448,0.328,,0.13,0.26,0.65,1.38,0.52,
2020-08-21,2.6645,2.8754,2.9823,3.7112,0.3178,,0.16,0.27,0.64,1.35,0.48,
2020-08-24,2.6814,2.8976,2.9998,3.7296,0.3184,,0.14,0.28,0.65,1.35,0.51,
2020-08-25,2.729,2.9454,3.0424,3.7501,0.3134,,0.15,0.3,0.69,1.39,0.54,
2020-08-26,2.7483,2.9751,3.0511,3.7549,0.3028,,0.16,0.28,0.69,1.41,0.53,
2020-08-27,2.7796,2.982,3.0599,3.7643,0.2803,,0.16,0.31,0.74,1.5,0.58,
2020-08-28,2.7909,2.9902,3.0672,3.7748,0.2763,,0.14,0.28,0.74,1.52,0.6,
2020-08-31,2.7775,2.9549,3.0177,3.7343,0.2402,,0.14,0.28,0.72,1.49,0.58,
2020-09-01,2.7885,2.9811,3.0478,3.7603,0.2593,,0.13,0.26,0.68,1.43,0.55,
2020-09-02,2.8446,3.0526,3.1027,3.7812,0.2581,,0.14,0.26,0.66,1.38,0.52,
2020-09-03,2.8745,3.0842,3.1051,3.7814,0.2306,,0.13,0.24,0.63,1.34,0.5,
2020-09-04,2.8918,3.1008,3.1228,3.803,0.231,,0.14,0.3,0.72,1.46,0.58,
2020-09-07,2.9166,3.1074,3.1454,3.832,0.2288,,,,,,,
2020-09-08,2.8986,3.0846,3.123,3.8204,0.2244,,0.14,0.28,0.69,1.43,0.55,
2020-09-09,2.8517,3.0323,3.0805,3.7891,0.2288,,0.14,0.28,0.71,1.45,0.57,
2020-09-10,2.7796,2.999,3.0833,3.8128,0.3037,,0.14,0.26,0.68,1.43,0.54,
2020-09-11,2.8101,3.0371,3.1346,3.8234,0.3245,,0.13,0.26,0.67,1.42,0.54,
2020-09-14,2.8195,3.0608,3.1532,3.8291,0.3337,,0.14,0.27,0.68,1.42,0.54,
2020-09-15,2.7695,3.0008,3.1083,3.81,0.3388,,0.14,0.27,0.68,1.43,0.54,
2020-09-16,2.7418,2.9944,3.126,3.8276,0.3842,,0.14,0.28,0.69,1.45,0.55,
2020-09-17,2.7502,3.0157,3.1334,3.8251,0.3832,,0.13,0.28,0.69,1.43,0.56,
2020-09-18,2.7317,2.971,3.1162,3.8301,0.3845,,0.14,0.29,0.7,1.45,0.56,
2020-09-21,2.697,2.9414,3.0999,3.8153,0.4029,,0.14,0.27,0.68,1.43,0.54,
2020-09-22,2.7114,2.9374,3.0863,3.8053,0.3749,,0.13,0.27,0.68,1.42,0.55,
2020-09-23,2.7195,2.9433,3.089,3.8103,0.3695,,0.14,0.28,0.68,1.42,0.54,
2020-09-24,2.7312,2.955,3.084,3.8029,0.3528,,0.14,0.27,0.67,1.4,0.53,
2020-09-25,2.7508,3.0015,3.1295,3.8329,0.3787,,0.12,0.26,0.66,1.4,0.54,
2020-09-27,2.7696,3.0086,3.1324,3.8305,0.3628,,,,,,,
2020-09-28,2.7724,3.0007,3.1092,3.8205,0.3368,,0.14,0.26,0.67,1.42,0.53,
2020-09-29,2.7843,3.0245,3.1292,3.833,0.3449,,0.11,0.24,0.66,1.41,0.55,
2020-09-30,2.7924,3.0537,3.1482,3.8481,0.3558,,0.13,0.28,0.69,1.46,0.56,
2020-10-01,,,,,,,0.14,0.27,0.68,1.45,0.54,
2020-10-02,,,,,,,0.13,0.28,0.7,1.48,0.57,
2020-10-05,,,,,,,0.14,0.33,0.78,1.57,0.64,
2020-10-06,,,,,,,0.14,0.32,0.76,1.56,0.62,
2020-10-07,,,,,,,0.16,0.35,0.81,1.6,0.65,
2020-10-08,,,,,,,0.13,0.33,0.78,1.57,0.65,
2020-10-09,2.8857,3.1147,3.1873,3.8834,0.3016,,0.16,0.34,0.79,1.58,0.63,
2020-10-10,2.8857,3.1144,3.1898,3.8822,0.3041,,,,,,,
2020-10-12,2.8681,3.0893,3.1861,3.8709,0.318,,,,,,,
2020-10-13,2.8674,3.1072,3.195,3.8835,0.3276,,0.16,0.31,0.74,1.52,0.58,
2020-10-14,2.9034,3.1393,3.215,3.8985,0.3116,,0.14,0.3,0.73,1.5,0.59,
2020-10-15,2.9103,3.1655,3.23,3.9035,0.3197,,0.14,0.32,0.74,1.52,0.6,
2020-10-16,2.9105,3.1557,3.2202,3.9086,0.3097,,0.14,0.32,0.76,1.52,0.62,
2020-10-19,2.9128,3.131,3.2005,3.9012,0.2877,,0.16,0.34,0.78,1.55,0.62,
2020-10-20,2.9175,3.1196,3.1955,3.8963,0.278,,0.14,0.34,0.81,1.6,0.67,
2020-10-21,2.8811,3.04,3.1855,3.8888,0.3044,,0.14,0.36,0.83,1.62,0.69,
2020-10-22,2.8314,2.98,3.1707,3.8713,0.3393,,0.16,0.38,0.87,1.67,0.71,
2020-10-23,2.873,3.0,3.1957,3.8888,0.3227,,0.18,0.37,0.85,1.64,0.67,
2020-10-26,2.8817,3.0077,3.1934,3.8864,0.3117,,0.16,0.35,0.81,1.59,0.65,
2020-10-27,2.8618,2.9702,3.1609,3.8615,0.2991,,0.16,0.34,0.79,1.57,0.63,
2020-10-28,2.8745,2.9953,3.181,3.8715,0.3065,,0.16,0.34,0.79,1.56,0.63,
2020-10-29,2.8692,2.9904,3.186,3.874,0.3168,,0.16,0.38,0.85,1.62,0.69,
2020-10-30,2.8736,2.9755,3.181,3.8615,0.3074,,0.14,0.38,0.88,1.65,0.74,
2020-11-02,2.8733,2.9757,3.1785,3.8465,0.3052,,0.16,0.38,0.87,1.63,0.71,
2020-11-03,2.8669,2.9633,3.1762,3.8465,0.3093,,0.17,0.39,0.9,1.66,0.73,
2020-11-04,2.8717,2.9761,3.1687,3.834,0.297,,0.14,0.33,0.78,1.55,0.64,
2020-11-05,2.8881,2.9986,3.1912,3.8541,0.3031,,0.14,0.33,0.79,1.54,0.65,
2020-11-06,2.9279,3.0341,3.2063,3.8716,0.2784,,0.16,0.36,0.83,1.6,0.67,
2020-11-09,2.9442,3.0572,3.2363,3.8916,0.2921,,0.17,0.44,0.96,1.73,0.79,
2020-11-10,2.926,3.0426,3.2241,3.8867,0.2981,,0.19,0.46,0.98,1.75,0.79,
2020-11-11,2.9425,3.0528,3.2391,3.8942,0.2966,,,,,,,
2020-11-12,2.9683,3.0832,3.2614,3.9016,0.2931,,0.17,0.4,0.88,1.64,0.71,
2020-11-13,2.9837,3.0984,3.2715,3.9066,0.2878,,0.17,0.41,0.89,1.65,0.72,
2020-11-16,2.9893,3.1039,3.2741,3.9041,0.2848,,0.19,0.41,0.91,1.66,0.72,
2020-11-17,3.0063,3.1242,3.2866,3.9116,0.2803,,0.18,0.39,0.87,1.62,0.69,
2020-11-18,3.05,3.167,3.324,3.9289,0.274,,0.16,0.4,0.88,1.62,0.72,
2020-11-19,3.0998,3.2145,3.3487,3.9412,0.2489,,0.18,0.39,0.86,1.58,0.68,
2020-11-20,3.1128,3.191,3.31,3.9316,0.1972,,0.16,0.38,0.83,1.53,0.67,
2020-11-23,3.0703,3.1337,3.265,3.9018,0.1947,,0.16,0.39,0.86,1.56,0.7,
2020-11-24,3.0977,3.1691,3.29,3.9041,0.1923,,0.16,0.39,0.88,1.6,0.72,
2020-11-25,3.0653,3.134,3.2675,3.8867,0.2022,,0.17,0.39,0.88,1.62,0.71,
2020-11-26,3.0633,3.142,3.285,3.8992,0.2217,,,,,,,
2020-11-27,3.0622,3.1522,3.3,3.9041,0.2378,,0.16,0.37,0.84,1.57,0.68,
2020-11-30,2.9737,3.0708,3.25,3.8668,0.2763,,0.16,0.36,0.84,1.58,0.68,
2020-12-01,2.989,3.0915,3.2725,3.8817,0.2835,,0.17,0.42,0.92,1.66,0.75,
2020-12-02,3.0268,3.125,3.2925,3.8942,0.2657,,0.16,0.42,0.95,1.7,0.79,
2020-12-03,3.0215,3.1305,3.2851,3.8816,0.2636,,0.16,0.4,0.92,1.67,0.76,
2020-12-04,3.0104,3.1156,3.2651,3.8566,0.2547,,0.16,0.42,0.97,1.73,0.81,
2020-12-07,3.0199,3.1261,3.2701,3.8545,0.2502,,0.14,0.4,0.94,1.69,0.8,
2020-12-08,2.9949,3.1121,3.2551,3.8313,0.2602,,0.14,0.39,0.92,1.67,0.78,
2020-12-09,2.9888,3.1257,3.2726,3.8234,0.2838,,0.16,0.41,0.95,1.69,0.79,
2020-12-10,2.9426,3.105,3.2601,3.8262,0.3175,,0.14,0.39,0.92,1.65,0.78,
2020-12-11,2.9802,3.1403,3.2951,3.8434,0.3149,,0.11,0.37,0.9,1.63,0.79,
2020-12-14,2.9502,3.126,3.2851,3.8383,0.3349,,0.13,0.37,0.9,1.63,0.77,
2020-12-15,2.9102,3.0989,3.2777,3.8361,0.3675,,0.11,0.37,0.92,1.65,0.81,
2020-12-16,2.8653,3.0802,3.2752,3.8361,0.4099,,0.13,0.37,0.92,1.66,0.79,
2020-12-17,2.8853,3.1025,3.2802,3.8412,0.3949,,0.13,0.38,0.94,1.68,0.81,
2020-12-18,2.8853,3.11,3.2902,3.8283,0.4049,,0.13,0.39,0.95,1.7,0.82,
2020-12-21,2.8416,3.0735,3.2652,3.8185,0.4236,,0.13,0.39,0.95,1.68,0.82,
2020-12-22,2.8146,3.0353,3.2278,3.7862,0.4132,,0.13,0.37,0.93,1.65,0.8,
2020-12-23,2.7818,3.0237,3.2153,3.7839,0.4335,,0.13,0.38,0.96,1.7,0.83,
2020-12-24,2.7955,3.0439,3.2303,3.8014,0.4348,,0.13,0.37,0.94,1.66,0.81,
2020-12-25,2.7661,3.003,3.1878,3.7743,0.4217,,,,,,,
2020-12-28,2.7483,2.9953,3.1629,3.7571,0.4146,,0.13,0.38,0.94,1.67,0.81,
2020-12-29,2.7442,2.9879,3.1554,3.7445,0.4112,,0.12,0.37,0.94,1.67,0.82,
2020-12-30,2.6994,2.931,3.1204,3.7172,0.421,,0.12,0.37,0.93,1.66,0.81,
2020-12-31,2.7226,2.9512,3.1429,3.7268,0.4203,2.3,0.13,0.36,0.93,1.65,0.8,-2.1
2021-01-04,2.7672,2.9961,3.178,3.7593,0.4108,,0.11,0.36,0.93,1.66,0.82,
2021-01-05,2.7167,2.9459,3.1305,3.7222,0.4138,,0.13,0.38,0.96,1.7,0.83,
2021-01-06,2.6993,2.9335,3.1256,3.7197,0.4263,,0.14,0.43,1.04,1.81,0.9,
2021-01-07,2.6348,2.9252,3.1256,3.7198,0.4908,,0.14,0.46,1.08,1.85,0.94,
2021-01-08,2.6197,2.9471,3.1456,3.7372,0.5259,,0.14,0.49,1.13,1.87,0.99,
2021-01-11,2.6282,2.9682,3.1632,3.7496,0.535,,0.14,0.5,1.15,1.88,1.01,
2021-01-12,2.597,2.9452,3.1457,3.7398,0.5487,,0.14,0.5,1.15,1.88,1.01,
2021-01-13,2.5478,2.8987,3.1157,3.7201,0.5679,,0.14,0.48,1.1,1.82,0.96,
2021-01-14,2.5976,2.895,3.1059,3.7076,0.5083,,0.16,0.49,1.15,1.88,0.99,
2021-01-15,2.681,2.9634,3.1508,3.7423,0.4698,,0.13,0.46,1.11,1.85,0.98,
2021-01-18,2.7428,3.0078,3.1658,3.7496,0.423,,,,,,,
2021-01-19,2.7234,2.993,3.1609,3.7472,0.4375,,0.14,0.45,1.1,1.84,0.96,
2021-01-20,2.6711,2.9584,3.161,3.7369,0.4899,,0.13,0.45,1.1,1.84,0.97,
2021-01-21,2.6365,2.9244,3.1335,3.7198,0.497,,0.13,0.45,1.12,1.87,0.99,
2021-01-22,2.6464,2.9373,3.1185,3.7156,0.4721,,0.13,0.44,1.1,1.85,0.97,
2021-01-25,2.6688,2.9558,3.1323,3.7199,0.4635,,0.13,0.42,1.05,1.8,0.92,
2021-01-26,2.7373,2.999,3.1585,3.7371,0.4212,,0.11,0.42,1.05,1.8,0.94,
2021-01-27,2.7429,2.9942,3.1636,3.7344,0.4207,,0.12,0.41,1.04,1.79,0.92,
2021-01-28,2.7859,3.033,3.1961,3.7514,0.4102,,0.12,0.42,1.07,1.81,0.95,
2021-01-29,2.8206,3.0006,3.1786,3.7391,0.358,,0.11,0.45,1.11,1.87,1.0,
2021-02-01,2.7555,2.9899,3.1712,3.7342,0.4157,,0.11,0.42,1.09,1.84,0.98,
2021-02-02,2.7405,3.0102,3.1862,3.7415,0.4457,,0.11,0.45,1.12,1.87,1.01,
2021-02-03,2.8083,3.0547,3.2112,3.7588,0.4029,,0.11,0.46,1.15,1.92,1.04,
2021-02-04,2.8333,3.0851,3.2347,3.7711,0.4014,,0.11,0.46,1.15,1.93,1.04,
2021-02-05,2.8243,3.0695,3.2164,3.7715,0.3921,,0.09,0.47,1.19,1.97,1.1,
2021-02-07,2.8196,3.0775,3.2168,3.7664,0.3972,,,,,,,
2021-02-08,2.8195,3.0922,3.237,3.7787,0.4175,,0.11,0.48,1.19,1.96,1.08,
2021-02-09,2.7992,3.0731,3.2303,3.7686,0.4311,,0.11,0.48,1.18,1.95,1.07,
2021-02-10,2.8107,3.0824,3.2449,3.776,0.4342,,0.11,0.46,1.15,1.92,1.04,
2021-02-11,,,,,,,0.11,0.46,1.16,1.94,1.05,
2021-02-12,,,,,,,0.11,0.5,1.2,2.01,1.09,
2021-02-16,,,,,,,0.13,0.57,1.3,2.08,1.17,
2021-02-17,,,,,,,0.11,0.57,1.29,2.06,1.18,
2021-02-18,2.8416,3.1158,3.2831,3.7982,0.4415,,0.11,0.56,1.29,2.08,1.18,
2021-02-19,2.7949,3.079,3.2578,3.7809,0.4629,,0.11,0.59,1.34,2.14,1.23,
2021-02-20,2.7774,3.0783,3.2605,3.7834,0.4831,,,,,,,
2021-02-22,2.7732,3.0938,3.2736,3.7984,0.5004,,0.11,0.61,1.37,2.19,1.26,
2021-02-23,2.7675,3.0846,3.2635,3.7987,0.496,,0.11,0.59,1.37,2.21,1.26,
2021-02-24,2.7537,3.0738,3.2627,3.8038,0.509,,0.12,0.62,1.38,2.24,1.26,
2021-02-25,2.768,3.0934,3.2723,3.8087,0.5043,,0.17,0.81,1.54,2.33,1.37,
2021-02-26,2.7863,3.105,3.2798,3.8111,0.4935,,0.14,0.75,1.44,2.17,1.3,
2021-03-01,2.7771,3.0805,3.2475,3.7761,0.4704,,0.13,0.71,1.45,2.23,1.32,
2021-03-02,2.7839,3.0867,3.2474,3.7761,0.4635,,0.13,0.67,1.42,2.21,1.29,
2021-03-03,2.8212,3.0913,3.2553,3.7785,0.4341,,0.14,0.73,1.47,2.25,1.33,
2021-03-04,2.8484,3.1078,3.2655,3.7833,0.4171,,0.14,0.77,1.54,2.3,1.4,
2021-03-05,2.8235,3.0874,3.2457,3.7633,0.4222,,0.14,0.79,1.56,2.28,1.42,
2021-03-08,2.8193,3.0898,3.2404,3.7609,0.4211,,0.17,0.86,1.59,2.31,1.42,
2021-03-09,2.8494,3.1015,3.2478,3.7633,0.3984,,0.17,0.83,1.55,2.26,1.38,
2021-03-10,2.8706,3.086,3.2353,3.761,0.3647,,0.16,0.8,1.53,2.24,1.37,
2021-03-11,2.8842,3.0949,3.2506,3.7582,0.3664,,0.14,0.78,1.54,2.29,1.4,
2021-03-12,2.886,3.0999,3.2613,3.7631,0.3753,,0.14,0.85,1.64,2.4,1.5,
2021-03-15,2.8813,3.0999,3.274,3.7705,0.3927,,0.14,0.84,1.62,2.37,1.48,
2021-03-16,2.8692,3.0699,3.2614,3.7605,0.3922,,0.15,0.83,1.62,2.38,1.47,
2021-03-17,2.8468,3.0635,3.2564,3.7504,0.4096,,0.13,0.8,1.63,2.42,1.5,
2021-03-18,2.8528,3.0687,3.2592,3.7428,0.4064,,0.16,0.86,1.71,2.45,1.55,
2021-03-19,2.8249,3.054,3.2364,3.7304,0.4115,,0.16,0.9,1.74,2.45,1.58,
2021-03-22,2.8263,3.042,3.2309,3.7255,0.4046,,0.15,0.87,1.69,2.38,1.54,
2021-03-23,2.8213,3.0324,3.2105,3.7182,0.3892,,0.15,0.83,1.63,2.34,1.48,
2021-03-24,2.7913,3.0101,3.193,3.7109,0.4017,,0.14,0.83,1.62,2.31,1.48,
2021-03-25,2.7816,3.0026,3.1882,3.7085,0.4066,,0.14,0.82,1.63,2.34,1.49,
2021-03-26,2.7975,3.0102,3.1985,3.718,0.401,,0.14,0.85,1.67,2.37,1.53,
2021-03-29,2.7937,3.0058,3.1962,3.7211,0.4025,,0.14,0.89,1.73,2.43,1.59,
2021-03-30,2.8012,3.0163,3.206,3.7285,0.4048,,0.16,0.9,1.73,2.38,1.57,
2021-03-31,2.7637,2.9836,3.1887,3.7085,0.425,,0.16,0.92,1.74,2.41,1.58,
2021-04-01,2.7778,2.9939,3.196,3.7186,0.4182,,0.17,0.9,1.69,2.34,1.52,
2021-04-02,2.7654,2.9993,3.2013,3.7184,0.4359,,0.19,0.97,1.72,2.35,1.53,
2021-04-05,,,,,,,0.17,0.94,1.73,2.36,1.56,
2021-04-06,2.7827,3.0156,3.2087,3.7234,0.426,,0.16,0.88,1.67,2.32,1.51,
2021-04-07,2.8166,3.0363,3.2215,3.7282,0.4049,,0.16,0.87,1.68,2.35,1.52,
2021-04-08,2.8148,3.039,3.2221,3.7321,0.4073,,0.14,0.85,1.64,2.32,1.5,
2021-04-09,2.8098,3.0291,3.2121,3.7234,0.4023,,0.16,0.87,1.67,2.34,1.51,
2021-04-12,2.7923,3.0116,3.1948,3.711,0.4025,,0.18,0.89,1.69,2.34,1.51,
2021-04-13,2.7531,2.9746,3.1626,3.6925,0.4095,,0.16,0.85,1.64,2.32,1.48,
2021-04-14,2.7681,2.9774,3.1651,3.685,0.397,,0.16,0.87,1.64,2.32,1.48,
2021-04-15,2.7581,2.9853,3.1728,3.678,0.4147,,0.16,0.81,1.56,2.23,1.4,
2021-04-16,2.7481,2.9777,3.1631,3.6625,0.415,,0.16,0.84,1.59,2.26,1.43,
2021-04-19,2.7431,2.9662,3.1559,3.6525,0.4128,,0.16,0.85,1.61,2.29,1.45,
2021-04-20,2.7231,2.9574,3.1554,3.645,0.4323,,0.15,0.81,1.58,2.27,1.43,
2021-04-21,2.6981,2.9542,3.153,3.63,0.4549,,0.15,0.81,1.57,2.26,1.42,
2021-04-22,2.6981,2.9597,3.1614,3.645,0.4633,,0.16,0.81,1.57,2.24,1.41,
2021-04-23,2.7031,2.9682,3.1719,3.665,0.4688,,0.16,0.83,1.58,2.25,1.42,
2021-04-25,2.7081,2.9839,3.1841,3.67,0.476,,,,,,,
2021-04-26,2.7181,3.0006,3.2024,3.69,0.4843,,0.18,0.85,1.58,2.24,1.4,
2021-04-27,2.714,3.0062,3.2078,3.69,0.4938,,0.17,0.88,1.63,2.29,1.46,
2021-04-28,2.694,2.9912,3.1979,3.6925,0.5039,,0.17,0.86,1.63,2.29,1.46,
2021-04-29,2.674,2.9814,3.1872,3.685,0.5132,,0.16,0.86,1.65,2.31,1.49,
2021-04-30,2.6564,2.9615,3.164,3.6701,0.5076,,0.16,0.86,1.65,2.3,1.49,
2021-05-03,,,,,,,0.16,0.84,1.63,2.3,1.47,
2021-05-04,,,,,,,0.16,0.82,1.61,2.27,1.45,
2021-05-05,,,,,,,0.16,0.8,1.59,2.25,1.43,
2021-05-06,2.6439,2.9451,3.1507,3.6601,0.5068,,0.16,0.81,1.58,2.24,1.42,
2021-05-07,2.6214,2.9416,3.1589,3.6551,0.5375,,0.14,0.77,1.6,2.28,1.46,
2021-05-08,2.6206,2.9369,3.1582,3.6551,0.5376,,,,,,,
2021-05-10,2.5956,2.9173,3.146,3.6501,0.5504,,0.16,0.8,1.63,2.32,1.47,
2021-05-11,2.5731,2.915,3.138,3.6426,0.5649,,0.16,0.8,1.64,2.35,1.48,
2021-05-12,2.5981,2.9229,3.131,3.6351,0.5329,,0.16,0.87,1.69,2.4,1.53,
2021-05-13,2.6181,2.9427,3.1366,3.6376,0.5185,,0.16,0.84,1.66,2.39,1.5,
2021-05-14,2.6181,2.9367,3.1422,3.6351,0.5241,,0.16,0.82,1.63,2.35,1.47,
2021-05-17,2.6383,2.9591,3.1524,3.6376,0.5141,,0.16,0.84,1.64,2.36,1.48,
2021-05-18,2.6333,2.9515,3.1457,3.6301,0.5124,,0.16,0.83,1.64,2.37,1.48,
2021-05-19,2.6133,2.929,3.1298,3.6126,0.5165,,0.16,0.87,1.68,2.38,1.52,
2021-05-20,2.5883,2.9016,3.1001,3.5926,0.5118,,0.15,0.83,1.63,2.34,1.48,
2021-05-21,2.5733,2.8919,3.0876,3.5826,0.5143,,0.17,0.84,1.63,2.33,1.46,
2021-05-24,2.6031,2.8994,3.085,3.5801,0.4819,,0.15,0.82,1.61,2.31,1.46,
2021-05-25,2.6164,2.8993,3.085,3.5751,0.4686,,0.15,0.79,1.56,2.26,1.41,
2021-05-26,2.6046,2.8925,3.06,3.5651,0.4554,,0.14,0.8,1.58,2.27,1.44,
2021-05-27,2.6205,2.9131,3.0725,3.5776,0.452,,0.14,0.81,1.61,2.29,1.47,
2021-05-28,2.6356,2.9311,3.0825,3.5801,0.4469,,0.14,0.79,1.58,2.26,1.44,
2021-05-31,2.6578,2.9245,3.045,3.5652,0.3872,,,,,,,
2021-06-01,2.6493,2.9193,3.04,3.5602,0.3907,,0.16,0.81,1.62,2.3,1.46,
2021-06-02,2.6695,2.9453,3.065,3.5802,0.3955,,0.13,0.8,1.59,2.28,1.46,
2021-06-03,2.661,2.935,3.055,3.5727,0.394,,0.16,0.84,1.63,2.3,1.47,
2021-06-04,2.6922,2.9746,3.0925,3.6002,0.4003,,0.14,0.78,1.56,2.24,1.42,
2021-06-07,2.7245,2.9943,3.11,3.6277,0.3855,,0.16,0.79,1.57,2.25,1.41,
2021-06-08,2.7252,3.0,3.11,3.6275,0.3848,,0.14,0.77,1.53,2.21,1.39,
2021-06-09,2.7525,2.9883,3.1051,3.63,0.3526,,0.16,0.75,1.5,2.17,1.34,
2021-06-10,2.7421,2.9828,3.1,3.6276,0.3579,,0.14,0.73,1.45,2.15,1.31,
2021-06-11,2.7493,3.0085,3.1276,3.6625,0.3783,,0.16,0.76,1.47,2.15,1.31,
2021-06-14,,,,,,,0.16,0.8,1.51,2.19,1.35,
2021-06-15,2.7507,3.0044,3.1176,3.6601,0.3669,,0.16,0.79,1.51,2.2,1.35,
2021-06-16,2.7548,3.0101,3.1301,3.683,0.3753,,0.21,0.89,1.57,2.2,1.36,
2021-06-17,2.7539,3.0236,3.1401,3.7305,0.3862,,0.23,0.9,1.52,2.11,1.29,
2021-06-18,2.7333,2.9867,3.1202,3.6948,0.3869,,0.26,0.89,1.45,2.01,1.19,
2021-06-21,2.72,2.9615,3.0953,3.6674,0.3753,,0.27,0.9,1.5,2.11,1.23,
2021-06-22,2.72,2.9598,3.0877,3.6625,0.3677,,0.25,0.87,1.48,2.1,1.23,
2021-06-23,2.6949,2.9514,3.0853,3.6551,0.3904,,0.26,0.9,1.5,2.11,1.24,
2021-06-24,2.6776,2.9489,3.0828,3.6552,0.4052,,0.26,0.9,1.49,2.1,1.23,
2021-06-25,2.6655,2.9506,3.0827,3.6502,0.4172,,0.28,0.92,1.54,2.16,1.26,
2021-06-28,2.6699,2.9708,3.0903,3.668,0.4204,,0.25,0.9,1.49,2.1,1.24,
2021-06-29,2.6728,2.9579,3.0853,3.6581,0.4125,,0.27,0.89,1.49,2.1,1.22,
2021-06-30,2.6608,2.9516,3.0778,3.6582,0.417,,0.25,0.87,1.45,2.06,1.2,
2021-07-01,2.6597,2.9601,3.0878,3.6657,0.4281,,0.25,0.89,1.48,2.07,1.23,
2021-07-02,2.6518,2.9504,3.0803,3.6656,0.4285,,0.24,0.86,1.44,2.05,1.2,
2021-07-05,2.6306,2.9489,3.0754,3.6484,0.4448,,,,,,,
2021-07-06,2.6351,2.957,3.0854,3.6531,0.4503,,0.22,0.81,1.37,2.0,1.15,
2021-07-07,2.6366,2.9353,3.0554,3.6207,0.4188,,0.22,0.79,1.33,1.94,1.11,
2021-07-08,2.5605,2.8661,2.983,3.5529,0.4225,,0.19,0.74,1.3,1.91,1.11,
2021-07-09,2.5764,2.8888,3.0105,3.5778,0.4341,,0.23,0.79,1.37,1.99,1.14,
2021-07-12,2.5156,2.7888,2.9431,3.5282,0.4275,,0.23,0.81,1.38,2.0,1.15,
2021-07-13,2.5228,2.7815,2.9256,3.5107,0.4028,,0.26,0.85,1.42,2.04,1.16,
2021-07-14,2.5114,2.7796,2.9356,3.5159,0.4242,,0.23,0.8,1.37,1.98,1.14,
2021-07-15,2.5195,2.8155,2.9557,3.5361,0.4362,,0.23,0.78,1.31,1.92,1.08,
2021-07-16,2.5079,2.7879,2.9432,3.5263,0.4353,,0.25,0.79,1.31,1.93,1.06,
2021-07-19,2.5088,2.7701,2.9483,3.5289,0.4395,,0.21,0.7,1.19,1.81,0.98,
2021-07-20,2.4948,2.7504,2.9258,3.5114,0.431,,0.2,0.69,1.23,1.88,1.03,
2021-07-21,2.4904,2.7473,2.9184,3.5015,0.428,,0.22,0.74,1.3,1.94,1.08,
2021-07-22,2.4958,2.7543,2.9284,3.5065,0.4326,,0.2,0.71,1.27,1.9,1.07,
2021-07-23,2.4727,2.7426,2.9134,3.4891,0.4407,,0.22,0.72,1.3,1.92,1.08,
2021-07-26,2.4299,2.7079,2.8711,3.4542,0.4412,,0.22,0.73,1.29,1.93,1.07,
2021-07-27,2.4618,2.7328,2.911,3.4867,0.4492,,0.2,0.71,1.25,1.89,1.05,
2021-07-28,2.5065,2.7438,2.9312,3.5018,0.4247,,0.2,0.72,1.26,1.9,1.06,
2021-07-29,2.4927,2.7192,2.884,3.4793,0.3913,,0.2,0.73,1.28,1.91,1.08,
2021-07-30,2.452,2.6872,2.8363,3.4444,0.3843,,0.19,0.69,1.24,1.89,1.05,
2021-08-02,2.4332,2.6515,2.8212,3.4117,0.388,,0.17,0.66,1.2,1.86,1.03,
2021-08-03,2.4532,2.6622,2.8337,3.4144,0.3805,,0.17,0.65,1.19,1.85,1.02,
2021-08-04,2.485,2.6738,2.8338,3.4093,0.3488,,0.17,0.67,1.19,1.83,1.02,
2021-08-05,2.4561,2.6614,2.7988,3.3769,0.3427,,0.21,0.72,1.23,1.86,1.02,
2021-08-06,2.466,2.6631,2.8139,3.3818,0.3479,,0.21,0.77,1.31,1.94,1.1,
2021-08-09,2.5218,2.7131,2.8615,3.4167,0.3397,,0.23,0.79,1.33,1.96,1.1,
2021-08-10,2.5297,2.7157,2.8766,3.4268,0.3469,,0.24,0.82,1.36,1.99,1.12,
2021-08-11,2.54,2.7382,2.8841,3.4293,0.3441,,0.23,0.81,1.35,1.99,1.12,
2021-08-12,2.5215,2.7082,2.8566,3.412,0.3351,,0.23,0.83,1.36,2.03,1.13,
2021-08-13,2.5303,2.7152,2.8792,3.4344,0.3489,,0.23,0.79,1.29,1.94,1.06,
2021-08-16,2.5353,2.7433,2.8943,3.4445,0.359,,0.21,0.75,1.26,1.92,1.05,
2021-08-17,2.5257,2.731,2.8819,3.4321,0.3562,,0.23,0.77,1.26,1.92,1.03,
2021-08-18,2.4923,2.7012,2.8494,3.4021,0.3571,,0.23,0.79,1.27,1.91,1.04,
2021-08-19,2.486,2.6889,2.8395,3.3971,0.3535,,0.22,0.78,1.24,1.88,1.02,
2021-08-20,2.5005,2.7066,2.852,3.4022,0.3515,,0.23,0.8,1.26,1.87,1.03,
2021-08-23,2.5001,2.7223,2.8672,3.4098,0.3671,,0.23,0.78,1.25,1.87,1.02,
2021-08-24,2.4935,2.7049,2.8522,3.3998,0.3587,,0.24,0.8,1.29,1.91,1.05,
2021-08-25,2.4954,2.6975,2.8547,3.4024,0.3593,,0.23,0.84,1.35,1.96,1.12,
2021-08-26,2.5141,2.733,2.8848,3.4249,0.3707,,0.25,0.84,1.34,1.94,1.09,
2021-08-27,2.5012,2.7132,2.8698,3.4149,0.3686,,0.22,0.79,1.31,1.91,1.09,
2021-08-30,2.4897,2.6937,2.8505,3.405,0.3608,,0.2,0.77,1.29,1.9,1.09,
2021-08-31,2.4911,2.6811,2.845,3.4027,0.3539,,0.2,0.77,1.3,1.92,1.1,
2021-09-01,2.4738,2.6466,2.8226,3.3876,0.3488,,0.2,0.78,1.31,1.92,1.11,
2021-09-02,2.4779,2.6565,2.8301,3.3901,0.3522,,0.2,0.78,1.29,1.9,1.09,
2021-09-03,2.4774,2.6625,2.8327,3.3952,0.3553,,0.21,0.78,1.33,1.94,1.12,
2021-09-06,2.4978,2.6674,2.8354,3.3952,0.3376,,,,,,,
2021-09-07,2.5175,2.6901,2.8604,3.4126,0.3429,,0.22,0.82,1.38,1.99,1.16,
2021-09-08,2.5241,2.7005,2.8705,3.4176,0.3464,,0.22,0.81,1.35,1.95,1.13,
2021-09-09,2.5195,2.7005,2.873,3.4227,0.3535,,0.23,0.79,1.3,1.9,1.07,
2021-09-10,2.5082,2.7059,2.8656,3.4177,0.3574,,0.23,0.82,1.35,1.94,1.12,
2021-09-13,2.5381,2.7424,2.8908,3.4313,0.3527,,0.21,0.81,1.33,1.91,1.12,
2021-09-14,2.5386,2.7372,2.8858,3.4304,0.3472,,0.21,0.79,1.28,1.85,1.07,
2021-09-15,2.5509,2.7572,2.9009,3.4354,0.35,,0.21,0.81,1.31,1.87,1.1,
2021-09-16,2.5517,2.7422,2.8885,3.428,0.3368,,0.23,0.84,1.34,1.88,1.11,
2021-09-17,2.5185,2.7328,2.8785,3.4278,0.36,,0.23,0.88,1.37,1.91,1.14,
2021-09-18,2.5222,2.7226,2.8717,3.4234,0.3495,,,,,,,
2021-09-20,,,,,,,0.23,0.83,1.31,1.85,1.08,
2021-09-21,,,,,,,0.22,0.84,1.33,1.86,1.11,
2021-09-22,2.521,2.7139,2.8639,3.416,0.3429,,0.25,0.86,1.32,1.84,1.07,
2021-09-23,2.5121,2.7041,2.8565,3.4121,0.3444,,0.27,0.94,1.41,1.92,1.14,
2021-09-24,2.5109,2.7206,2.8719,3.4185,0.361,,0.29,0.97,1.47,1.99,1.18,
2021-09-26,2.511,2.716,2.8797,3.4237,0.3687,,,,,,,
2021-09-27,2.5114,2.7213,2.8825,3.4209,0.3711,,0.31,0.98,1.48,1.99,1.17,
2021-09-28,2.5174,2.7268,2.8769,3.4239,0.3595,,0.31,1.02,1.54,2.07,1.23,
2021-09-29,2.5031,2.7071,2.8646,3.4112,0.3615,,0.3,1.01,1.55,2.09,1.25,
2021-09-30,2.4912,2.7134,2.8776,3.4237,0.3864,,0.28,0.98,1.52,2.08,1.24,
2021-10-01,,,,,,,0.27,0.93,1.48,2.04,1.21,
2021-10-04,,,,,,,0.27,0.95,1.49,2.05,1.22,
2021-10-05,,,,,,,0.28,0.98,1.54,2.1,1.26,
2021-10-06,,,,,,,0.3,0.99,1.53,2.08,1.23,
2021-10-07,,,,,,,0.32,1.02,1.58,2.13,1.26,
2021-10-08,2.5225,2.7429,2.9131,3.4414,0.3906,,0.32,1.05,1.61,2.16,1.29,
2021-10-09,2.524,2.7485,2.9186,3.4465,0.3946,,,,,,,
2021-10-11,2.5555,2.7895,2.958,3.4815,0.4025,,,,,,,
2021-10-12,2.5589,2.7994,2.9657,3.4967,0.4068,,0.35,1.08,1.59,2.1,1.24,
2021-10-13,2.5764,2.8005,2.9578,3.4997,0.3814,,0.37,1.09,1.56,2.05,1.19,
2021-10-14,2.5794,2.805,2.9581,3.5046,0.3787,,0.36,1.05,1.52,2.02,1.16,
2021-10-15,2.5847,2.8155,2.9683,3.5265,0.3836,,0.41,1.13,1.59,2.05,1.18,
2021-10-18,2.6585,2.8908,3.0426,3.5958,0.3841,,0.44,1.16,1.59,2.01,1.15,
2021-10-19,2.6467,2.8763,3.0102,3.54,0.3635,,0.41,1.17,1.65,2.09,1.24,
2021-10-20,2.627,2.8625,2.9978,3.5251,0.3708,,0.4,1.16,1.65,2.12,1.25,
2021-10-21,2.5891,2.8359,2.9702,3.5101,0.3811,,0.45,1.23,1.68,2.13,1.23,
2021-10-22,2.592,2.8496,2.9953,3.5277,0.4033,,0.48,1.22,1.66,2.08,1.18,
2021-10-25,2.5848,2.8526,2.9879,3.5329,0.4031,,0.47,1.19,1.64,2.09,1.17,
2021-10-26,2.5803,2.8396,2.978,3.5253,0.3977,,0.47,1.2,1.63,2.05,1.16,
2021-10-27,2.5814,2.847,2.9781,3.5228,0.3967,,0.5,1.16,1.54,1.95,1.04,
2021-10-28,2.5795,2.8365,2.9682,3.5029,0.3887,,0.5,1.18,1.57,1.96,1.07,
2021-10-29,2.5858,2.8438,2.9732,3.498,0.3874,,0.48,1.18,1.55,1.93,1.07,
2021-11-01,2.5724,2.8134,2.9435,3.4606,0.3711,,0.5,1.2,1.58,1.98,1.08,
2021-11-02,2.5627,2.7831,2.9259,3.443,0.3632,,0.46,1.15,1.56,1.96,1.1,
2021-11-03,2.5586,2.7986,2.9385,3.4556,0.3799,,0.47,1.19,1.6,2.0,1.13,
2021-11-04,2.5489,2.7759,2.9261,3.4407,0.3772,,0.41,1.1,1.53,1.96,1.12,
2021-11-05,2.5189,2.7299,2.8911,3.4107,0.3722,,0.39,1.04,1.45,1.87,1.06,
2021-11-08,2.5209,2.741,2.9013,3.4208,0.3804,,0.45,1.13,1.51,1.89,1.06,
2021-11-09,2.5262,2.749,2.8988,3.4209,0.3726,,0.41,1.08,1.46,1.83,1.05,
2021-11-10,2.535,2.7547,2.9139,3.4309,0.3789,,0.51,1.23,1.56,1.92,1.05,
2021-11-11,2.5378,2.7698,2.9365,3.4559,0.3987,,,,,,,
2021-11-12,2.5366,2.7705,2.9391,3.4535,0.4025,,0.53,1.24,1.58,1.95,1.05,
2021-11-15,2.5303,2.757,2.9269,3.4336,0.3966,,0.53,1.26,1.63,2.01,1.1,
2021-11-16,2.5232,2.7499,2.9244,3.4336,0.4012,,0.54,1.27,1.63,2.02,1.09,
2021-11-17,2.523,2.7551,2.9295,3.4386,0.4065,,0.52,1.24,1.6,2.0,1.08,
2021-11-18,2.5189,2.7442,2.9146,3.4237,0.3957,,0.52,1.22,1.59,1.97,1.07,
2021-11-19,2.5281,2.7608,2.9302,3.4312,0.4021,,0.52,1.22,1.54,1.91,1.02,
2021-11-22,2.5117,2.7443,2.8876,3.4188,0.3759,,0.63,1.33,1.63,1.98,1.0,
2021-11-23,2.5152,2.7464,2.8875,3.4239,0.3723,,0.6,1.33,1.67,2.02,1.07,
2021-11-24,2.4999,2.714,2.86,3.3964,0.3601,,0.64,1.34,1.64,1.96,1.0,
2021-11-25,2.4947,2.7087,2.855,3.399,0.3603,,,,,,,
2021-11-26,2.4739,2.6781,2.82,3.3716,0.3461,,0.5,1.16,1.48,1.83,0.98,
2021-11-29,2.4913,2.6854,2.825,3.3717,0.3337,,0.51,1.18,1.52,1.87,1.01,
2021-11-30,2.5028,2.692,2.825,3.3727,0.3222,,0.52,1.14,1.43,1.78,0.91,
2021-12-01,2.5144,2.7129,2.8401,3.3817,0.3257,,0.56,1.15,1.43,1.77,0.87,
2021-12-02,2.5206,2.7444,2.8601,3.3943,0.3395,,0.63,1.21,1.44,1.76,0.81,
2021-12-03,2.5364,2.7573,2.8701,3.3968,0.3337,,0.6,1.13,1.35,1.69,0.75,
2021-12-06,2.4951,2.7015,2.8176,3.3595,0.3225,,0.65,1.21,1.43,1.75,0.78,
2021-12-07,2.5249,2.7301,2.8451,3.372,0.3202,,0.7,1.26,1.48,1.8,0.78,
2021-12-08,2.5318,2.74,2.8551,3.3795,0.3233,,0.68,1.27,1.52,1.87,0.84,
2021-12-09,2.529,2.7325,2.8526,3.3771,0.3236,,0.7,1.26,1.49,1.87,0.79,
2021-12-10,2.5182,2.7236,2.8426,3.3747,0.3244,,0.67,1.25,1.48,1.88,0.81,
2021-12-13,2.516,2.7232,2.8552,3.3797,0.3392,,0.66,1.21,1.42,1.81,0.76,
2021-12-14,2.4895,2.7035,2.8477,3.3773,0.3582,,0.67,1.23,1.44,1.82,0.77,
2021-12-15,2.4774,2.7023,2.8502,3.3844,0.3728,,0.69,1.26,1.47,1.86,0.78,
2021-12-16,2.486,2.7076,2.8577,3.3899,0.3717,,0.64,1.19,1.44,1.87,0.8,
2021-12-17,2.477,2.7163,2.8512,3.3899,0.3742,,0.66,1.18,1.41,1.82,0.75,
2021-12-20,2.5014,2.7276,2.8533,3.3826,0.3519,,0.65,1.17,1.43,1.85,0.78,
2021-12-21,2.5091,2.722,2.8508,3.3801,0.3417,,0.7,1.24,1.48,1.89,0.78,
2021-12-22,2.4893,2.7024,2.8303,3.3728,0.341,,0.68,1.23,1.46,1.86,0.78,
2021-12-23,2.4703,2.6755,2.8143,3.3648,0.344,,0.71,1.25,1.5,1.91,0.79,
2021-12-24,2.4819,2.6855,2.8203,3.3654,0.3384,,,,,,,
2021-12-27,2.4662,2.6713,2.8128,3.348,0.3466,,0.76,1.26,1.48,1.88,0.72,
2021-12-28,2.4589,2.6565,2.8004,3.3331,0.3415,,0.74,1.27,1.49,1.9,0.75,
2021-12-29,2.4168,2.6272,2.7854,3.3156,0.3686,,0.75,1.29,1.55,1.96,0.8,
2021-12-30,2.3751,2.6026,2.7654,3.3108,0.3903,,0.73,1.27,1.52,1.93,0.79,
2021-12-31,2.3722,2.6092,2.7754,3.3283,0.4032,8.6,0.73,1.26,1.52,1.9,0.79,6.2
2022-01-03,,,,,,,0.78,1.37,1.63,2.01,0.85,
2022-01-04,2.3595,2.6127,2.7855,3.3345,0.426,,0.77,1.37,1.66,2.07,0.89,
2022-01-05,2.3766,2.6423,2.8045,3.346,0.4279,,0.83,1.43,1.71,2.09,0.88,
2022-01-06,2.4,2.6585,2.8205,3.361,0.4205,,0.88,1.47,1.73,2.09,0.85,
2022-01-07,2.3965,2.6544,2.8181,3.3636,0.4216,,0.87,1.5,1.76,2.11,0.89,
2022-01-10,2.3738,2.6281,2.8056,3.3537,0.4318,,0.92,1.53,1.78,2.11,0.86,
2022-01-11,2.3387,2.6096,2.7957,3.3413,0.457,,0.9,1.51,1.75,2.08,0.85,
2022-01-12,2.3396,2.6104,2.7957,3.3312,0.4561,,0.92,1.5,1.74,2.08,0.82,
2022-01-13,2.362,2.6026,2.7858,3.3238,0.4238,,0.91,1.47,1.7,2.05,0.79,
2022-01-14,2.3658,2.6125,2.7935,3.3268,0.4277,,0.99,1.55,1.78,2.12,0.79,
2022-01-17,2.3372,2.5922,2.786,3.3314,0.4488,,,,,,,
2022-01-18,2.2717,2.4895,2.7415,3.2991,0.4698,,1.06,1.65,1.87,2.18,0.81,
2022-01-19,2.2234,2.4895,2.7314,3.3003,0.508,,1.04,1.62,1.83,2.14,0.79,
2022-01-20,2.2107,2.4745,2.7271,3.2944,0.5164,,1.08,1.62,1.83,2.14,0.75,
2022-01-21,2.1542,2.4295,2.71,3.282,0.5558,,1.01,1.54,1.75,2.07,0.74,
2022-01-24,2.1222,2.3527,2.6751,3.2598,0.5529,,0.99,1.53,1.75,2.1,0.76,
2022-01-25,2.1613,2.4006,2.6979,3.2774,0.5366,,1.02,1.56,1.78,2.12,0.76,
2022-01-26,2.191,2.4188,2.7146,3.2861,0.5236,,1.13,1.66,1.85,2.16,0.72,
2022-01-27,2.1811,2.4215,2.7348,3.2997,0.5537,,1.18,1.66,1.81,2.09,0.63,
2022-01-28,2.1411,2.3815,2.7021,3.2751,0.561,,1.15,1.61,1.78,2.07,0.63,
2022-01-29,2.1275,2.3682,2.7013,3.275,0.5738,,,,,,,
2022-01-30,2.1317,2.3634,2.6997,3.2718,0.568,,,,,,,
2022-01-31,,,,,,,1.18,1.62,1.79,2.11,0.61,
2022-02-01,,,,,,,1.18,1.63,1.81,2.12,0.63,
2022-02-02,,,,,,,1.16,1.6,1.78,2.11,0.62,
2022-02-03,,,,,,,1.19,1.66,1.82,2.14,0.63,
2022-02-04,,,,,,,1.31,1.78,1.93,2.23,0.62,
2022-02-07,2.1697,2.4142,2.7256,3.2879,0.5559,,1.3,1.76,1.92,2.22,0.62,
2022-02-08,2.1888,2.4193,2.7227,3.2905,0.5339,,1.35,1.81,1.96,2.25,0.61,
2022-02-09,2.2015,2.4345,2.7328,3.298,0.5313,,1.36,1.82,1.94,2.25,0.58,
2022-02-10,2.2069,2.4318,2.7328,3.2955,0.5259,,1.61,1.96,2.03,2.3,0.42,
2022-02-11,2.2708,2.5001,2.7891,3.3431,0.5183,,1.5,1.84,1.92,2.24,0.42,
2022-02-14,2.2781,2.5214,2.8018,3.3557,0.5237,,1.58,1.9,1.98,2.29,0.4,
2022-02-15,2.2699,2.5169,2.7968,3.3532,0.5269,,1.58,1.94,2.05,2.37,0.47,
2022-02-16,2.2602,2.497,2.7892,3.3458,0.529,,1.52,1.9,2.03,2.34,0.51,
2022-02-17,2.242,2.4799,2.7799,3.341,0.5379,,1.49,1.85,1.97,2.31,0.48,
2022-02-18,2.2571,2.5086,2.7975,3.3507,0.5404,,1.47,1.82,1.92,2.24,0.45,
2022-02-21,2.2923,2.5701,2.83,3.3896,0.5377,,,,,,,
2022-02-22,2.3138,2.6007,2.82,3.3871,0.5062,,1.56,1.85,1.94,2.24,0.38,
2022-02-23,2.3024,2.5608,2.79,3.3706,0.4876,,1.58,1.89,1.99,2.29,0.41,
2022-02-24,2.2947,2.5561,2.7875,3.3754,0.4928,,1.54,1.84,1.96,2.28,0.42,
2022-02-25,2.2617,2.5274,2.775,3.3611,0.5133,,1.55,1.86,1.97,2.29,0.42,
2022-02-28,2.2558,2.5105,2.775,3.3539,0.5192,,1.44,1.71,1.83,2.17,0.39,
2022-03-01,2.2686,2.5419,2.8025,3.3713,0.5339,,1.31,1.56,1.72,2.11,0.41,
2022-03-02,2.2847,2.5651,2.8175,3.3762,0.5328,,1.5,1.74,1.86,2.24,0.36,
2022-03-03,2.3098,2.5958,2.83,3.3912,0.5202,,1.53,1.74,1.86,2.24,0.33,
2022-03-04,2.2974,2.5705,2.8125,3.3813,0.5151,,1.5,1.65,1.74,2.16,0.24,
2022-03-07,2.2902,2.5546,2.8126,3.3813,0.5224,,1.55,1.71,1.78,2.19,0.23,
2022-03-08,2.2634,2.5422,2.8276,3.3862,0.5642,,1.63,1.8,1.86,2.24,0.23,
2022-03-09,2.2854,2.568,2.8426,3.4011,0.5572,,1.68,1.87,1.94,2.29,0.26,
2022-03-10,2.2959,2.5888,2.8502,3.4111,0.5543,,1.72,1.92,1.98,2.38,0.26,
2022-03-11,2.2787,2.5153,2.7902,3.3714,0.5115,,1.75,1.96,2.0,2.36,0.25,
2022-03-14,2.2511,2.4809,2.7677,3.3564,0.5166,,1.87,2.1,2.14,2.47,0.27,
2022-03-15,2.3072,2.569,2.8177,3.3941,0.5105,,1.85,2.1,2.15,2.49,0.3,
2022-03-16,2.322,2.5549,2.7952,3.3793,0.4732,,1.95,2.15,2.19,2.46,0.24,
2022-03-17,2.3212,2.547,2.7876,3.3819,0.4664,,1.94,2.17,2.2,2.5,0.26,
2022-03-18,2.3,2.5382,2.7927,3.3843,0.4927,,1.97,2.14,2.14,2.43,0.17,
2022-03-21,2.3193,2.5735,2.8127,3.3894,0.4934,,2.14,2.33,2.32,2.55,0.18,
2022-03-22,2.3424,2.6046,2.8302,3.3994,0.4878,,2.18,2.39,2.38,2.6,0.2,
2022-03-23,2.3454,2.6062,2.8302,3.3949,0.4848,,2.13,2.34,2.32,2.52,0.19,
2022-03-24,2.3331,2.5861,2.8052,3.3801,0.4721,,2.13,2.37,2.34,2.51,0.21,
2022-03-25,2.3235,2.5756,2.7972,3.3747,0.4737,,2.3,2.55,2.48,2.6,0.18,
2022-03-28,2.3352,2.5837,2.7903,3.3674,0.4551,,2.35,2.54,2.46,2.57,0.11,
2022-03-29,2.3434,2.5864,2.7853,3.365,0.4419,,2.35,2.49,2.41,2.53,0.06,
2022-03-30,2.3182,2.5662,2.7703,3.3549,0.4521,,2.31,2.44,2.35,2.48,0.04,
2022-03-31,2.3092,2.5733,2.7878,3.366,0.4786,,2.28,2.42,2.32,2.44,0.04,
2022-04-01,2.2717,2.5495,2.7743,3.3602,0.5026,,2.44,2.56,2.39,2.44,-0.05,
2022-04-02,2.2671,2.5342,2.7714,3.3591,0.5043,,,,,,,
2022-04-04,,,,,,,2.43,2.56,2.42,2.48,-0.01,
2022-04-05,,,,,,,2.51,2.69,2.54,2.57,0.03,
2022-04-06,2.2592,2.5209,2.7604,3.3505,0.5012,,2.5,2.7,2.61,2.63,0.11,
2022-04-07,2.2399,2.5086,2.7394,3.3426,0.4995,,2.47,2.7,2.66,2.69,0.19,
2022-04-08,2.2553,2.524,2.7529,3.3449,0.4976,,2.53,2.76,2.72,2.76,0.19,
2022-04-11,2.2939,2.552,2.768,3.3471,0.4741,,2.5,2.79,2.79,2.84,0.29,
2022-04-12,2.3053,2.5671,2.7705,3.3469,0.4652,,2.39,2.66,2.72,2.82,0.33,
2022-04-13,2.2834,2.5526,2.7631,3.3446,0.4797,,2.37,2.66,2.7,2.81,0.33,
2022-04-14,2.2617,2.5441,2.7656,3.3467,0.5039,,2.47,2.79,2.83,2.92,0.36,
2022-04-15,2.238,2.5226,2.7578,3.3442,0.5198,,,,,,,
2022-04-18,2.2835,2.5798,2.8107,3.3682,0.5272,,2.46,2.79,2.85,2.95,0.39,
2022-04-19,2.2923,2.5635,2.8208,3.3302,0.5285,,2.61,2.91,2.93,3.01,0.32,
2022-04-20,2.3236,2.5862,2.833,3.3202,0.5094,,2.6,2.87,2.85,2.9,0.25,
2022-04-21,2.3125,2.5788,2.8259,3.3052,0.5134,,2.68,2.96,2.9,2.94,0.22,
2022-04-22,2.3258,2.6018,2.8409,3.3077,0.5151,,2.72,2.94,2.9,2.95,0.18,
2022-04-24,2.3251,2.6023,2.8335,3.3003,0.5084,,,,,,,
2022-04-25,2.3009,2.5776,2.816,3.2953,0.5151,,2.63,2.84,2.81,2.88,0.18,
2022-04-26,2.3114,2.5894,2.826,3.2954,0.5146,,2.54,2.79,2.77,2.86,0.23,
2022-04-27,2.3338,2.6131,2.8411,3.3004,0.5073,,2.58,2.81,2.82,2.91,0.24,
2022-04-28,2.3677,2.6334,2.8486,3.3229,0.4809,,2.63,2.86,2.85,2.92,0.22,
2022-04-29,2.3471,2.6136,2.8386,3.308,0.4915,,2.7,2.92,2.89,2.96,0.19,
2022-05-02,,,,,,,2.73,3.01,2.99,3.07,0.26,
2022-05-03,,,,,,,2.78,3.01,2.97,3.03,0.19,
2022-05-04,,,,,,,2.66,2.93,2.93,3.01,0.27,
2022-05-05,2.3449,2.6075,2.8282,3.3157,0.4833,,2.71,3.01,3.05,3.15,0.34,
2022-05-06,2.3528,2.6204,2.8273,3.3132,0.4745,,2.72,3.06,3.12,3.23,0.4,
2022-05-07,2.3455,2.6207,2.8263,3.3108,0.4808,,,,,,,
2022-05-09,2.3309,2.6037,2.8154,3.2983,0.4845,,2.61,2.95,3.05,3.19,0.44,
2022-05-10,2.3045,2.5789,2.8089,3.2947,0.5044,,2.62,2.91,2.99,3.12,0.37,
2022-05-11,2.3218,2.5997,2.824,3.3059,0.5022,,2.66,2.89,2.91,3.05,0.25,
2022-05-12,2.3029,2.5723,2.8055,3.291,0.5026,,2.56,2.81,2.84,3.0,0.28,
2022-05-13,2.2971,2.5852,2.814,3.301,0.5169,,2.61,2.89,2.93,3.1,0.32,
2022-05-16,2.2837,2.5817,2.8216,3.3036,0.5379,,2.58,2.83,2.88,3.09,0.3,
2022-05-17,2.2693,2.5725,2.8178,3.3011,0.5485,,2.71,2.96,2.98,3.17,0.27,
2022-05-18,2.2439,2.5424,2.7801,3.2938,0.5362,,2.68,2.89,2.89,3.07,0.21,
2022-05-19,2.2546,2.5428,2.7774,3.2863,0.5228,,2.63,2.84,2.84,3.05,0.21,
2022-05-20,2.2718,2.5503,2.79,3.2833,0.5182,,2.6,2.8,2.78,2.99,0.18,
2022-05-23,2.2465,2.531,2.7675,3.2715,0.521,,2.65,2.88,2.86,3.08,0.21,
2022-05-24,2.2542,2.5439,2.765,3.2715,0.5108,,2.5,2.76,2.76,2.98,0.26,
2022-05-25,2.2588,2.5415,2.7575,3.2616,0.4987,,2.48,2.71,2.75,2.97,0.27,
2022-05-26,2.2208,2.4885,2.71,3.2217,0.4892,,2.46,2.7,2.75,2.99,0.29,
2022-05-27,2.2171,2.4767,2.6974,3.2218,0.4803,,2.47,2.71,2.74,2.97,0.27,
2022-05-30,2.2345,2.5113,2.7225,3.2393,0.488,,,,,,,
2022-05-31,2.2682,2.5464,2.7426,3.2594,0.4744,,2.53,2.81,2.85,3.07,0.32,
2022-06-01,2.2762,2.5594,2.7551,3.2643,0.4789,,2.66,2.94,2.94,3.09,0.28,
2022-06-02,2.2815,2.563,2.7601,3.2669,0.4786,,2.65,2.92,2.92,3.09,0.27,
2022-06-03,,,,,,,2.66,2.95,2.96,3.11,0.3,
2022-06-06,2.32,2.5994,2.7776,3.2745,0.4576,,2.73,3.03,3.04,3.19,0.31,
2022-06-07,2.3081,2.5842,2.7576,3.2671,0.4495,,2.75,2.99,2.98,3.13,0.23,
2022-06-08,2.3049,2.585,2.7661,3.2746,0.4612,,2.78,3.03,3.03,3.18,0.25,
2022-06-09,2.289,2.5726,2.7576,3.2646,0.4686,,2.83,3.07,3.04,3.18,0.21,
2022-06-10,2.2908,2.568,2.7526,3.2622,0.4618,,3.06,3.25,3.15,3.2,0.09,
2022-06-13,2.2987,2.5899,2.7652,3.2698,0.4665,,3.4,3.56,3.43,3.42,0.03,
2022-06-14,2.3008,2.5952,2.7702,3.2698,0.4694,,3.45,3.61,3.49,3.45,0.04,
2022-06-15,2.309,2.6112,2.7827,3.2722,0.4737,,3.2,3.38,3.33,3.39,0.13,
2022-06-16,2.2992,2.5936,2.7728,3.2623,0.4736,,3.14,3.35,3.28,3.35,0.14,
2022-06-17,2.2838,2.5944,2.7752,3.2598,0.4914,,3.17,3.34,3.25,3.3,0.08,
2022-06-20,2.2976,2.6163,2.7853,3.2674,0.4877,,,,,,,
2022-06-21,2.3129,2.6118,2.7853,3.2664,0.4724,,3.21,3.38,3.31,3.39,0.1,
2022-06-22,2.3057,2.6045,2.7773,3.2655,0.4716,,3.06,3.22,3.16,3.25,0.1,
2022-06-23,2.3012,2.6077,2.7803,3.2675,0.4791,,3.01,3.14,3.09,3.21,0.08,
2022-06-24,2.3089,2.634,2.7978,3.2825,0.4889,,3.04,3.18,3.13,3.26,0.09,
2022-06-27,2.3582,2.6704,2.8329,3.2923,0.4747,,3.08,3.24,3.2,3.31,0.12,
2022-06-28,2.3709,2.6825,2.8414,3.2973,0.4705,,3.1,3.25,3.2,3.3,0.1,
2022-06-29,2.3137,2.6732,2.8294,3.295,0.5157,,3.06,3.15,3.1,3.22,0.04,
2022-06-30,2.3048,2.6529,2.8205,3.29,0.5157,,2.92,3.01,2.98,3.14,0.06,
2022-07-01,2.2908,2.6485,2.8255,3.2926,0.5347,,2.84,2.88,2.88,3.11,0.04,
2022-07-04,2.336,2.6965,2.8445,3.3101,0.5085,,,,,,,
2022-07-05,2.3516,2.693,2.8333,3.3153,0.4817,,2.82,2.82,2.82,3.05,0.0,
2022-07-06,2.3504,2.6902,2.8356,3.3153,0.4852,,2.97,2.96,2.93,3.14,-0.04,
2022-07-07,2.3311,2.6857,2.8356,3.3154,0.5045,,3.03,3.05,3.01,3.2,-0.02,
2022-07-08,2.3405,2.6785,2.8384,3.3407,0.4979,,3.12,3.13,3.09,3.27,-0.03,
2022-07-11,2.3155,2.6535,2.8266,3.3324,0.5111,,3.07,3.05,2.99,3.18,-0.08,
2022-07-12,2.2985,2.6209,2.8117,3.3184,0.5132,,3.03,3.01,2.96,3.13,-0.07,
2022-07-13,2.2862,2.6134,2.8067,3.316,0.5205,,3.13,3.02,2.91,3.08,-0.22,
2022-07-14,2.262,2.587,2.7907,3.296,0.5287,,3.15,3.06,2.96,3.11,-0.19,
2022-07-15,2.254,2.5848,2.7857,3.2859,0.5317,,3.13,3.05,2.93,3.1,-0.2,
2022-07-18,2.2574,2.5789,2.7837,3.2785,0.5263,,3.15,3.06,2.96,3.14,-0.19,
2022-07-19,2.263,2.5868,2.7859,3.2785,0.5229,,3.23,3.14,3.01,3.17,-0.22,
2022-07-20,2.2488,2.5634,2.771,3.2636,0.5222,,3.25,3.18,3.04,3.17,-0.21,
2022-07-21,2.239,2.5516,2.7635,3.2566,0.5245,,3.1,3.0,2.91,3.08,-0.19,
2022-07-22,2.2514,2.5801,2.787,3.2688,0.5356,,2.98,2.87,2.77,3.0,-0.21,
2022-07-25,2.2384,2.5555,2.779,3.2639,0.5406,,3.0,2.89,2.81,3.04,-0.19,
2022-07-26,2.2085,2.5415,2.77,3.2571,0.5615,,3.02,2.89,2.81,3.03,-0.21,
2022-07-27,2.2043,2.5205,2.7701,3.2566,0.5658,,2.96,2.82,2.78,3.03,-0.18,
2022-07-28,2.2365,2.5483,2.785,3.2693,0.5485,,2.85,2.69,2.68,3.02,-0.17,
2022-07-29,2.1886,2.5136,2.756,3.2449,0.5674,,2.89,2.7,2.67,3.0,-0.22,
2022-08-01,2.1429,2.4895,2.7292,3.2246,0.5863,,2.9,2.66,2.6,2.92,-0.3,
2022-08-02,2.1312,2.4899,2.7314,3.2273,0.6002,,3.06,2.85,2.75,3.0,-0.31,
2022-08-03,2.1034,2.4501,2.7218,3.2197,0.6184,,3.1,2.86,2.73,2.96,-0.37,
2022-08-04,2.1047,2.4379,2.7192,3.2191,0.6145,,3.03,2.76,2.68,2.97,-0.35,
2022-08-05,2.115,2.4657,2.7339,3.2319,0.6189,,3.24,2.97,2.83,3.06,-0.41,
2022-08-08,2.1376,2.4715,2.7409,3.2416,0.6033,,3.21,2.91,2.77,3.0,-0.44,
2022-08-09,2.1872,2.4889,2.74,3.244,0.5528,,3.28,2.97,2.8,3.01,-0.48,
2022-08-10,2.2074,2.4914,2.7366,3.242,0.5292,,3.23,2.93,2.78,3.04,-0.45,
2022-08-11,2.2189,2.4839,2.7317,3.2403,0.5128,,3.23,2.98,2.87,3.15,-0.36,
2022-08-12,2.2197,2.4892,2.7347,3.2422,0.515,,3.25,2.97,2.84,3.12,-0.41,
2022-08-15,2.1068,2.395,2.6582,3.1883,0.5514,,3.2,2.91,2.79,3.1,-0.41,
2022-08-16,2.1285,2.3828,2.6346,3.1759,0.5061,,3.25,2.95,2.82,3.11,-0.43,
2022-08-17,2.1191,2.3801,2.6124,3.1709,0.4933,,3.28,3.04,2.89,3.15,-0.39,
2022-08-18,2.09,2.3578,2.58,3.1378,0.49,,3.22,3.02,2.88,3.14,-0.34,
2022-08-19,2.0999,2.3708,2.5875,3.1141,0.4876,,3.25,3.11,2.98,3.22,-0.27,
2022-08-22,2.1217,2.3967,2.5925,3.0985,0.4708,,3.32,3.17,3.03,3.24,-0.29,
2022-08-23,2.1305,2.4091,2.6075,3.1105,0.477,,3.29,3.18,3.05,3.26,-0.24,
2022-08-24,2.1334,2.4122,2.61,3.1129,0.4766,,3.36,3.2,3.11,3.32,-0.25,
2022-08-25,2.1524,2.4448,2.639,3.1426,0.4866,,3.35,3.15,3.03,3.25,-0.32,
2022-08-26,2.1504,2.4433,2.643,3.1439,0.4926,,3.37,3.2,3.04,3.21,-0.33,
2022-08-29,2.114,2.413,2.6225,3.1235,0.5085,,3.42,3.27,3.12,3.25,-0.3,
2022-08-30,2.0972,2.4071,2.613,3.1162,0.5158,,3.46,3.27,3.11,3.23,-0.35,
2022-08-31,2.0969,2.4065,2.6225,3.1162,0.5256,,3.45,3.3,3.15,3.27,-0.3,
2022-09-01,2.0879,2.3965,2.6125,3.1032,0.5246,,3.51,3.39,3.26,3.37,-0.25,
2022-09-02,2.0769,2.4024,2.6226,3.1008,0.5457,,3.4,3.3,3.2,3.35,-0.2,
2022-09-05,2.0469,2.3882,2.618,3.09,0.5711,,,,,,,
2022-09-06,2.0488,2.3835,2.614,3.0846,0.5652,,3.5,3.43,3.33,3.49,-0.17,
2022-09-07,2.0607,2.3914,2.6215,3.0887,0.5608,,3.45,3.37,3.27,3.42,-0.18,
2022-09-08,2.0629,2.3986,2.6256,3.0901,0.5627,,3.48,3.39,3.29,3.45,-0.19,
2022-09-09,2.0753,2.4184,2.635,3.0982,0.5597,,3.56,3.45,3.33,3.47,-0.23,
2022-09-12,,,,,,,3.58,3.47,3.37,3.53,-0.21,
2022-09-13,2.0782,2.4303,2.6427,3.1011,0.5645,,3.75,3.58,3.42,3.51,-0.33,
2022-09-14,2.0837,2.4499,2.6625,3.1089,0.5788,,3.78,3.6,3.41,3.47,-0.37,
2022-09-15,2.089,2.4546,2.6625,3.106,0.5735,,3.87,3.66,3.45,3.48,-0.42,
2022-09-16,2.1123,2.4666,2.673,3.1059,0.5607,,3.85,3.62,3.45,3.52,-0.4,
2022-09-19,2.103,2.459,2.675,3.1039,0.572,,3.95,3.69,3.49,3.52,-0.46,
2022-09-20,2.0885,2.4415,2.664,3.101,0.5755,,3.96,3.75,3.57,3.59,-0.39,
2022-09-21,2.0842,2.4325,2.6451,3.089,0.5609,,4.02,3.74,3.51,3.5,-0.51,
2022-09-22,2.0646,2.4429,2.6501,3.0913,0.5855,,4.11,3.91,3.7,3.65,-0.41,
2022-09-23,2.0677,2.4688,2.6802,3.1008,0.6125,,4.2,3.96,3.69,3.61,-0.51,
2022-09-26,2.0976,2.512,2.7154,3.1274,0.6178,,4.27,4.15,3.88,3.72,-0.39,
2022-09-27,2.1077,2.5026,2.7051,3.1202,0.5974,,4.3,4.21,3.97,3.87,-0.33,
2022-09-28,2.1073,2.5315,2.7401,3.1448,0.6328,,4.07,3.92,3.72,3.7,-0.35,
2022-09-29,2.1386,2.5616,2.7501,3.1445,0.6115,,4.16,3.98,3.76,3.71,-0.4,
2022-09-30,2.1364,2.5836,2.7601,3.179,0.6237,,4.22,4.06,3.83,3.79,-0.39,
2022-10-03,,,,,,,4.12,3.9,3.67,3.73,-0.45,
2022-10-04,,,,,,,4.1,3.84,3.62,3.7,-0.48,
2022-10-05,,,,,,,4.15,3.96,3.76,3.78,-0.39,
2022-10-06,,,,,,,4.23,4.05,3.83,3.81,-0.4,
2022-10-07,,,,,,,4.3,4.14,3.89,3.86,-0.41,
2022-10-08,2.1228,2.5811,2.7626,3.1851,0.6398,,,,,,,
2022-10-09,2.1023,2.5486,2.7452,3.164,0.6429,,,,,,,
2022-10-10,2.0922,2.5306,2.7402,3.1637,0.648,,,,,,,
2022-10-11,2.0908,2.535,2.7426,3.1632,0.6518,,4.3,4.14,3.93,3.92,-0.37,
2022-10-12,2.1008,2.5219,2.7352,3.1607,0.6344,,4.28,4.12,3.91,3.9,-0.37,
2022-10-13,2.0963,2.5122,2.7252,3.1533,0.6289,,4.47,4.21,3.97,3.97,-0.5,
2022-10-14,2.077,2.4905,2.6977,3.1289,0.6207,,4.48,4.25,4.0,3.99,-0.48,
2022-10-17,2.0795,2.4931,2.7002,3.129,0.6207,,4.45,4.24,4.02,4.04,-0.43,
2022-10-18,2.0829,2.4911,2.7002,3.1314,0.6173,,4.43,4.21,4.01,4.04,-0.42,
2022-10-19,2.0812,2.4762,2.7052,3.1343,0.624,,4.55,4.35,4.14,4.15,-0.41,
2022-10-20,2.0887,2.4841,2.7175,3.1471,0.6288,,4.62,4.45,4.24,4.24,-0.38,
2022-10-21,2.1054,2.4918,2.7278,3.1555,0.6224,,4.49,4.34,4.21,4.33,-0.28,
2022-10-24,2.1026,2.4852,2.7153,3.1416,0.6127,,4.5,4.36,4.25,4.4,-0.25,
2022-10-25,2.112,2.5031,2.7278,3.1486,0.6158,,4.42,4.25,4.1,4.26,-0.32,
2022-10-26,2.0954,2.4835,2.7025,3.1394,0.6071,,4.39,4.2,4.04,4.19,-0.35,
2022-10-27,2.0886,2.4636,2.6953,3.1142,0.6067,,4.3,4.09,3.96,4.12,-0.34,
2022-10-28,2.0808,2.4337,2.6653,3.0776,0.5845,,4.41,4.19,4.02,4.15,-0.39,
2022-10-31,2.0782,2.4272,2.6433,3.0653,0.5651,,4.51,4.27,4.1,4.22,-0.41,
2022-11-01,2.0908,2.4476,2.6629,3.0753,0.5721,,4.54,4.27,4.07,4.14,-0.47,
2022-11-02,2.0964,2.4629,2.6854,3.0853,0.589,,4.61,4.3,4.1,4.15,-0.51,
2022-11-03,2.0926,2.4632,2.6776,3.0854,0.585,,4.71,4.36,4.14,4.18,-0.57,
2022-11-04,2.1092,2.4887,2.7023,3.1029,0.5931,,4.66,4.33,4.17,4.27,-0.49,
2022-11-07,2.1264,2.4945,2.7003,3.1045,0.5739,,4.72,4.39,4.22,4.34,-0.5,
2022-11-08,2.1463,2.4841,2.6853,3.1006,0.539,,4.67,4.31,4.14,4.28,-0.53,
2022-11-09,2.1595,2.4968,2.6953,3.1105,0.5358,,4.61,4.27,4.12,4.31,-0.49,
2022-11-10,2.1716,2.5022,2.7028,3.1166,0.5312,,4.34,3.95,3.82,4.03,-0.52,
2022-11-11,2.2008,2.5348,2.7354,3.1357,0.5346,,,,,,,
2022-11-14,2.3391,2.6474,2.8354,3.2207,0.4963,,4.4,4.0,3.88,4.07,-0.52,
2022-11-15,2.3457,2.6475,2.8155,3.2158,0.4698,,4.37,3.93,3.8,3.98,-0.57,
2022-11-16,2.3839,2.6824,2.8329,3.2309,0.449,,4.35,3.83,3.67,3.85,-0.68,
2022-11-17,2.3583,2.6379,2.8026,3.2109,0.4443,,4.43,3.93,3.77,3.89,-0.66,
2022-11-18,2.349,2.6281,2.825,3.2209,0.476,,4.51,3.99,3.82,3.92,-0.69,
2022-11-21,2.3409,2.6195,2.818,3.2086,0.4771,,4.48,3.97,3.83,3.91,-0.65,
2022-11-22,2.3299,2.6158,2.8276,3.2161,0.4977,,4.47,3.93,3.76,3.83,-0.71,
2022-11-23,2.2889,2.5813,2.7975,3.1912,0.5086,,4.46,3.88,3.71,3.74,-0.75,
2022-11-24,2.273,2.5723,2.795,3.1813,0.522,,,,,,,
2022-11-25,2.2871,2.6144,2.83,3.2162,0.5429,,4.42,3.85,3.68,3.74,-0.74,
2022-11-28,2.3114,2.6541,2.86,3.2337,0.5486,,4.46,3.88,3.69,3.74,-0.77,
2022-11-29,2.3519,2.7047,2.88,3.2663,0.5281,,4.48,3.92,3.75,3.81,-0.73,
2022-11-30,2.3602,2.6945,2.885,3.2763,0.5248,,4.38,3.82,3.68,3.8,-0.7,
2022-12-01,2.3354,2.6749,2.86,3.2615,0.5246,,4.25,3.68,3.53,3.64,-0.72,
2022-12-02,2.3327,2.6702,2.8676,3.263,0.5349,,4.28,3.67,3.51,3.56,-0.77,
2022-12-05,2.3442,2.6866,2.8902,3.2716,0.546,,4.41,3.8,3.6,3.62,-0.81,
2022-12-06,2.4026,2.7325,2.9152,3.2865,0.5126,,4.34,3.73,3.51,3.52,-0.83,
2022-12-07,2.3896,2.7061,2.8702,3.2719,0.4806,,4.26,3.62,3.42,3.42,-0.84,
2022-12-08,2.4022,2.6952,2.8853,3.2755,0.4831,,4.31,3.71,3.48,3.44,-0.83,
2022-12-09,2.4278,2.7344,2.8903,3.2843,0.4625,,4.33,3.75,3.57,3.56,-0.76,
2022-12-12,2.435,2.7414,2.8902,3.2844,0.4552,,4.39,3.8,3.61,3.57,-0.78,
2022-12-13,2.4937,2.7595,2.8952,3.2896,0.4015,,4.22,3.66,3.51,3.53,-0.71,
2022-12-14,2.4294,2.6968,2.8655,3.2621,0.4361,,4.23,3.64,3.49,3.52,-0.74,
2022-12-15,2.4319,2.7057,2.8829,3.277,0.451,,4.23,3.62,3.44,3.48,-0.79,
2022-12-16,2.4274,2.7052,2.8856,3.2697,0.4582,,4.17,3.61,3.48,3.53,-0.69,
2022-12-19,2.3974,2.6705,2.8632,3.2525,0.4658,,4.25,3.7,3.57,3.62,-0.68,
2022-12-20,2.3973,2.6757,2.8732,3.2474,0.4759,,4.25,3.79,3.69,3.74,-0.56,
2022-12-21,2.3973,2.6612,2.8606,3.2375,0.4633,,4.21,3.78,3.68,3.74,-0.53,
2022-12-22,2.3772,2.6416,2.8503,3.23,0.4731,,4.24,3.79,3.67,3.73,-0.57,
2022-12-23,2.3497,2.6062,2.8251,3.2152,0.4754,,4.31,3.86,3.75,3.82,-0.56,
2022-12-26,2.3672,2.6276,2.8378,3.2202,0.4706,,,,,,,
2022-12-27,2.3972,2.6703,2.8657,3.2175,0.4685,,4.32,3.94,3.84,3.93,-0.48,
2022-12-28,2.4064,2.6704,2.8503,3.2127,0.4439,,4.31,3.97,3.88,3.98,-0.43,
2022-12-29,2.352,2.6382,2.8376,3.1926,0.4856,,4.34,3.94,3.83,3.92,-0.51,
2022-12-30,2.3522,2.6446,2.8353,3.1952,0.4831,,4.41,3.99,3.88,3.97,-0.53,
2022-12-31,2.3522,2.6446,2.8353,3.1952,0.4831,3.1,,,,,,2.5
2023-01-03,2.3251,2.6298,2.8228,3.193,0.4977,,4.4,3.94,3.79,3.88,-0.61,
2023-01-04,2.2961,2.6071,2.8103,3.1931,0.5142,,4.36,3.85,3.69,3.81,-0.67,
2023-01-05,2.3168,2.625,2.8304,3.2056,0.5136,,4.45,3.9,3.71,3.78,-0.74,
2023-01-06,2.3428,2.6495,2.8328,3.2106,0.49,,4.24,3.69,3.55,3.67,-0.69,
2023-01-09,2.3654,2.6649,2.8428,3.2156,0.4774,,4.19,3.66,3.53,3.66,-0.66,
2023-01-10,2.4016,2.7104,2.8602,3.2331,0.4586,,4.24,3.72,3.61,3.74,-0.63,
2023-01-11,2.3709,2.6989,2.8603,3.2331,0.4894,,4.2,3.66,3.54,3.67,-0.66,
2023-01-12,2.3677,2.6974,2.8778,3.2378,0.5101,,4.12,3.53,3.43,3.56,-0.69,
2023-01-13,2.379,2.7096,2.901,3.2476,0.522,,4.22,3.6,3.49,3.61,-0.73,
2023-01-16,2.4164,2.7571,2.9167,3.2677,0.5003,,,,,,,
2023-01-17,2.4013,2.7346,2.9017,3.2531,0.5004,,4.18,3.6,3.53,3.64,-0.65,
2023-01-18,2.4262,2.7257,2.9222,3.2754,0.496,,4.06,3.43,3.37,3.54,-0.69,
2023-01-19,2.4159,2.721,2.9145,3.273,0.4986,,4.09,3.48,3.39,3.57,-0.7,
2023-01-20,2.4273,2.7288,2.9331,3.2779,0.5058,,4.14,3.56,3.48,3.66,-0.66,
2023-01-23,,,,,,,4.21,3.61,3.52,3.69,-0.69,
2023-01-24,,,,,,,4.12,3.58,3.46,3.62,-0.66,
2023-01-25,,,,,,,4.11,3.54,3.46,3.62,-0.65,
2023-01-26,,,,,,,4.17,3.58,3.49,3.62,-0.68,
2023-01-27,,,,,,,4.19,3.62,3.52,3.64,-0.67,
2023-01-28,2.4312,2.7283,2.9341,3.283,0.5029,,,,,,,
2023-01-29,2.4235,2.7225,2.9219,3.2805,0.4984,,,,,,,
2023-01-30,2.4359,2.7238,2.9133,3.2782,0.4774,,4.25,3.68,3.55,3.66,-0.7,
2023-01-31,2.4193,2.7039,2.8977,3.2793,0.4784,,4.21,3.63,3.52,3.65,-0.69,
2023-02-01,2.433,2.7091,2.9101,3.2889,0.4771,,4.09,3.48,3.39,3.55,-0.7,
2023-02-02,2.4184,2.6945,2.897,3.2853,0.4786,,4.09,3.49,3.4,3.55,-0.69,
2023-02-03,2.4196,2.6921,2.8943,3.283,0.4747,,4.3,3.67,3.53,3.63,-0.77,
2023-02-06,2.4397,2.7054,2.9017,3.2879,0.462,,4.44,3.81,3.63,3.67,-0.81,
2023-02-07,2.44,2.6983,2.8964,3.2827,0.4564,,4.47,3.85,3.67,3.72,-0.8,
2023-02-08,2.451,2.703,2.8973,3.2808,0.4463,,4.45,3.82,3.63,3.7,-0.82,
2023-02-09,2.4372,2.6959,2.8912,3.2784,0.454,,4.48,3.87,3.67,3.75,-0.81,
2023-02-10,2.438,2.6961,2.9003,3.2857,0.4623,,4.5,3.93,3.74,3.83,-0.76,
2023-02-13,2.4368,2.6967,2.8943,3.2829,0.4575,,4.52,3.93,3.72,3.79,-0.8,
2023-02-14,2.4341,2.695,2.8914,3.281,0.4573,,4.6,4.0,3.77,3.81,-0.83,
2023-02-15,2.437,2.6945,2.8918,3.2816,0.4548,,4.62,4.04,3.81,3.85,-0.81,
2023-02-16,2.4389,2.6921,2.8907,3.283,0.4518,,4.62,4.06,3.86,3.92,-0.76,
2023-02-17,2.4472,2.6976,2.892,3.283,0.4448,,4.6,4.03,3.82,3.88,-0.78,
2023-02-20,2.486,2.7392,2.917,3.2977,0.431,,,,,,,
2023-02-21,2.4923,2.739,2.919,3.3025,0.4267,,4.67,4.16,3.95,3.98,-0.72,
2023-02-22,2.483,2.7342,2.9175,3.3025,0.4345,,4.66,4.13,3.93,3.94,-0.73,
2023-02-23,2.4947,2.7446,2.922,3.3053,0.4273,,4.66,4.09,3.88,3.88,-0.78,
2023-02-24,2.492,2.7395,2.9126,3.3016,0.4206,,4.78,4.19,3.95,3.93,-0.83,
2023-02-27,2.4942,2.7398,2.9117,3.3051,0.4175,,4.78,4.17,3.92,3.93,-0.86,
2023-02-28,2.4885,2.7374,2.9017,3.3029,0.4132,,4.81,4.18,3.92,3.93,-0.89,
2023-03-01,2.4682,2.7354,2.8977,3.3049,0.4295,,4.89,4.27,4.01,3.97,-0.88,
2023-03-02,2.4753,2.7513,2.9111,3.31,0.4358,,4.89,4.32,4.08,4.03,-0.81,
2023-03-03,2.4647,2.7387,2.9026,3.3079,0.4379,,4.86,4.26,3.97,3.9,-0.89,
2023-03-06,2.4473,2.7114,2.8826,3.2897,0.4353,,4.89,4.27,3.98,3.92,-0.91,
2023-03-07,2.432,2.7014,2.8726,3.286,0.4406,,5.0,4.31,3.97,3.88,-1.03,
2023-03-08,2.4403,2.7123,2.8828,3.2907,0.4425,,5.05,4.34,3.98,3.88,-1.07,
2023-03-09,2.4374,2.7027,2.8752,3.2854,0.4378,,4.9,4.22,3.93,3.88,-0.97,
2023-03-10,2.4308,2.6955,2.8627,3.2735,0.4319,,4.6,3.96,3.7,3.7,-0.9,
2023-03-13,2.4381,2.7047,2.8703,3.2764,0.4322,,4.03,3.68,3.55,3.7,-0.48,
2023-03-14,2.4316,2.6968,2.8652,3.271,0.4336,,4.2,3.78,3.64,3.77,-0.56,
2023-03-15,2.4329,2.6987,2.8652,3.2724,0.4323,,3.93,3.59,3.51,3.7,-0.42,
2023-03-16,2.4246,2.6839,2.8552,3.2517,0.4306,,4.14,3.72,3.56,3.71,-0.58,
2023-03-17,2.4134,2.6865,2.8602,3.2381,0.4468,,3.81,3.44,3.39,3.6,-0.42,
2023-03-20,2.3896,2.6576,2.8504,3.2237,0.4608,,3.92,3.56,3.47,3.65,-0.45,
2023-03-21,2.4025,2.6801,2.8604,3.227,0.4579,,4.17,3.73,3.59,3.73,-0.58,
2023-03-22,2.405,2.6882,2.8577,3.2276,0.4527,,3.96,3.54,3.48,3.68,-0.48,
2023-03-23,2.408,2.694,2.8652,3.2366,0.4572,,3.76,3.39,3.38,3.66,-0.38,
2023-03-24,2.4078,2.7066,2.8676,3.2419,0.4598,,3.76,3.41,3.38,3.64,-0.38,
2023-03-27,2.4068,2.6922,2.8551,3.2319,0.4483,,3.94,3.59,3.53,3.77,-0.41,
2023-03-28,2.4148,2.7003,2.8556,3.2319,0.4408,,4.02,3.63,3.55,3.77,-0.47,
2023-03-29,2.4101,2.6954,2.8532,3.2286,0.4431,,4.08,3.67,3.57,3.78,-0.51,
2023-03-30,2.4106,2.7007,2.8603,3.2295,0.4497,,4.1,3.66,3.55,3.74,-0.55,
2023-03-31,2.3918,2.6837,2.8528,3.2332,0.461,,4.06,3.6,3.48,3.67,-0.58,
2023-04-03,2.4009,2.6949,2.8604,3.2407,0.4595,,3.97,3.52,3.43,3.64,-0.54,
2023-04-04,2.4041,2.6979,2.8584,3.2421,0.4543,,3.84,3.39,3.35,3.6,-0.49,
2023-04-05,,,,,,,3.79,3.36,3.3,3.56,-0.49,
2023-04-06,2.4104,2.7028,2.8605,3.2463,0.4501,,3.82,3.37,3.3,3.54,-0.52,
2023-04-07,2.4082,2.688,2.8464,3.236,0.4382,,3.97,3.49,3.39,3.61,-0.58,
2023-04-10,2.4099,2.6918,2.8455,3.2347,0.4356,,4.0,3.52,3.41,3.62,-0.59,
2023-04-11,2.4078,2.6793,2.8203,3.2173,0.4125,,4.03,3.54,3.43,3.62,-0.6,
2023-04-12,2.401,2.669,2.8158,3.1977,0.4148,,3.95,3.46,3.41,3.64,-0.54,
2023-04-13,2.4044,2.6793,2.8277,3.2031,0.4233,,3.96,3.51,3.45,3.69,-0.51,
2023-04-14,2.4074,2.6826,2.8281,3.2032,0.4207,,4.08,3.6,3.52,3.74,-0.56,
2023-04-17,2.4113,2.6946,2.8432,3.2136,0.4319,,4.18,3.69,3.6,3.81,-0.58,
2023-04-18,2.4053,2.6852,2.8319,3.2056,0.4266,,4.19,3.69,3.58,3.79,-0.61,
2023-04-19,2.4061,2.6735,2.8333,3.1875,0.4272,,4.24,3.71,3.6,3.79,-0.64,
2023-04-20,2.4065,2.671,2.8332,3.1775,0.4267,,4.14,3.63,3.54,3.75,-0.6,
2023-04-21,2.4056,2.669,2.8258,3.1726,0.4202,,4.17,3.66,3.57,3.78,-0.6,
2023-04-23,2.4095,2.6682,2.822,3.1715,0.4125,,,,,,,
2023-04-24,2.4063,2.6632,2.8176,3.1608,0.4113,,4.12,3.6,3.52,3.73,-0.6,
2023-04-25,2.4056,2.6599,2.8157,3.1584,0.4101,,3.86,3.43,3.4,3.65,-0.46,
2023-04-26,2.3922,2.6375,2.8058,3.1574,0.4136,,3.9,3.46,3.43,3.7,-0.47,
2023-04-27,2.3534,2.6152,2.7852,3.1379,0.4318,,4.07,3.6,3.53,3.76,-0.54,
2023-04-28,2.3548,2.613,2.7788,3.1355,0.424,,4.04,3.51,3.44,3.67,-0.6,
2023-05-01,,,,,,,4.14,3.64,3.59,3.84,-0.55,
2023-05-02,,,,,,,3.97,3.46,3.44,3.72,-0.53,
2023-05-03,,,,,,,3.89,3.37,3.38,3.7,-0.51,
2023-05-04,2.3424,2.5968,2.7613,3.1182,0.4189,,3.75,3.29,3.37,3.73,-0.38,
2023-05-05,2.3025,2.5645,2.7338,3.0831,0.4313,,3.92,3.41,3.44,3.76,-0.48,
2023-05-06,2.304,2.5635,2.7311,3.0882,0.4271,,,,,,,
2023-05-08,2.3254,2.5854,2.7484,3.1058,0.423,,4.0,3.49,3.52,3.84,-0.48,
2023-05-09,2.319,2.578,2.7383,3.0998,0.4193,,4.01,3.51,3.53,3.85,-0.48,
2023-05-10,2.2949,2.5482,2.721,3.0849,0.4261,,3.9,3.37,3.43,3.8,-0.47,
2023-05-11,2.2703,2.5211,2.701,3.0672,0.4307,,3.89,3.36,3.39,3.73,-0.5,
2023-05-12,2.2693,2.5164,2.7058,3.0608,0.4365,,3.98,3.45,3.46,3.78,-0.52,
2023-05-15,2.2913,2.5395,2.719,3.0649,0.4277,,3.99,3.46,3.5,3.84,-0.49,
2023-05-16,2.2992,2.5371,2.7129,3.066,0.4137,,4.06,3.52,3.54,3.87,-0.52,
2023-05-17,2.3044,2.5533,2.721,3.081,0.4166,,4.12,3.58,3.57,3.88,-0.55,
2023-05-18,2.3063,2.5454,2.7184,3.081,0.4121,,4.24,3.69,3.65,3.91,-0.59,
2023-05-19,2.2836,2.5204,2.7151,3.0773,0.4315,,4.28,3.76,3.7,3.95,-0.58,
2023-05-22,2.256,2.4888,2.7132,3.0762,0.4572,,4.29,3.77,3.72,3.97,-0.57,
2023-05-23,2.2264,2.4665,2.6962,3.0687,0.4698,,4.26,3.76,3.7,3.96,-0.56,
2023-05-24,2.245,2.4794,2.7037,3.0723,0.4587,,4.31,3.75,3.73,3.97,-0.58,
2023-05-25,2.2482,2.4795,2.7065,3.0773,0.4583,,4.5,3.9,3.83,4.01,-0.67,
2023-05-26,2.2449,2.5007,2.7205,3.0913,0.4756,,4.54,3.92,3.8,3.96,-0.74,
2023-05-29,2.2288,2.4871,2.695,3.0839,0.4662,,,,,,,
2023-05-30,2.2145,2.488,2.7,3.0839,0.4855,,4.46,3.81,3.69,3.9,-0.77,
2023-05-31,2.1864,2.4558,2.685,3.0733,0.4986,,4.4,3.74,3.64,3.85,-0.76,
2023-06-01,2.1748,2.4256,2.6825,3.0694,0.5077,,4.33,3.7,3.61,3.84,-0.72,
2023-06-02,2.1907,2.4532,2.6951,3.0784,0.5044,,4.5,3.84,3.69,3.88,-0.81,
2023-06-05,2.1639,2.4549,2.6926,3.079,0.5287,,4.46,3.82,3.69,3.89,-0.77,
2023-06-06,2.1279,2.438,2.6826,3.0716,0.5547,,4.51,3.85,3.7,3.87,-0.81,
2023-06-07,2.1366,2.4413,2.6827,3.0645,0.5461,,4.56,3.93,3.79,3.95,-0.77,
2023-06-08,2.1609,2.4522,2.6822,3.0651,0.5213,,4.52,3.87,3.73,3.89,-0.79,
2023-06-09,2.1508,2.434,2.6703,3.044,0.5195,,4.59,3.92,3.75,3.89,-0.84,
2023-06-12,2.1696,2.4361,2.6704,3.0391,0.5008,,4.55,3.89,3.73,3.87,-0.82,
2023-06-13,2.1372,2.4031,2.6227,3.0064,0.4855,,4.67,4.01,3.84,3.94,-0.83,
2023-06-14,2.1428,2.398,2.6178,2.9963,0.475,,4.74,4.06,3.83,3.9,-0.91,
2023-06-15,2.1756,2.4366,2.6482,3.0267,0.4726,,4.62,3.91,3.72,3.85,-0.9,
2023-06-16,2.2058,2.4543,2.6626,3.0419,0.4568,,4.7,3.99,3.77,3.86,-0.93,
2023-06-19,2.2083,2.5027,2.6876,3.0619,0.4793,,,,,,,
2023-06-20,2.1938,2.4811,2.6751,3.0444,0.4813,,4.68,3.96,3.74,3.83,-0.94,
2023-06-21,2.1843,2.4744,2.6701,3.042,0.4858,,4.68,3.95,3.72,3.81,-0.96,
2023-06-22,,,,,,,4.77,4.03,3.8,3.88,-0.97,
2023-06-23,,,,,,,4.71,3.99,3.74,3.82,-0.97,
2023-06-25,2.1804,2.4592,2.6576,3.028,0.4772,,,,,,,
2023-06-26,2.1777,2.4723,2.6677,3.0346,0.49,,4.65,3.96,3.72,3.83,-0.93,
2023-06-27,2.19,2.4773,2.6676,3.0295,0.4776,,4.74,4.02,3.77,3.84,-0.97,
2023-06-28,2.1858,2.466,2.6651,3.0271,0.4793,,4.71,3.97,3.71,3.81,-1.0,
2023-06-29,2.1686,2.457,2.6526,3.0171,0.484,,4.87,4.14,3.85,3.92,-1.02,
2023-06-30,2.1447,2.4247,2.6351,3.0072,0.4904,,4.87,4.13,3.81,3.85,-1.06,
2023-07-03,2.1429,2.4333,2.6402,3.0133,0.4973,,4.94,4.19,3.86,3.87,-1.08,
2023-07-04,2.1347,2.4436,2.6477,3.0225,0.513,,,,,,,
2023-07-05,2.1333,2.4333,2.6402,3.0176,0.5069,,4.94,4.25,3.95,3.95,-0.99,
2023-07-06,2.1262,2.4335,2.6392,3.018,0.513,,4.99,4.37,4.05,4.01,-0.94,
2023-07-07,2.1162,2.4295,2.6403,3.013,0.5241,,4.94,4.35,4.06,4.05,-0.88,
2023-07-10,2.1237,2.4395,2.6403,3.0091,0.5166,,4.85,4.25,4.01,4.05,-0.84,
2023-07-11,2.13,2.4343,2.6353,3.0011,0.5053,,4.88,4.24,3.99,4.03,-0.89,
2023-07-12,2.147,2.4369,2.6378,3.0011,0.4908,,4.72,4.07,3.86,3.96,-0.86,
2023-07-13,2.1491,2.4502,2.6413,3.0084,0.4922,,4.59,3.93,3.76,3.9,-0.83,
2023-07-14,2.1444,2.4512,2.6444,3.0144,0.5,,4.74,4.04,3.83,3.93,-0.91,
2023-07-17,2.1356,2.4348,2.6364,3.0085,0.5008,,4.74,4.02,3.81,3.94,-0.93,
2023-07-18,2.1277,2.4248,2.6234,2.9965,0.4957,,4.74,4.0,3.8,3.91,-0.94,
2023-07-19,2.1264,2.409,2.6233,2.9987,0.4969,,4.74,3.98,3.75,3.84,-0.99,
2023-07-20,2.1245,2.4043,2.6214,2.9967,0.4969,,4.8,4.08,3.85,3.91,-0.95,
2023-07-21,2.1171,2.392,2.6079,2.9828,0.4908,,4.82,4.09,3.84,3.91,-0.98,
2023-07-24,2.1197,2.3873,2.5934,2.9588,0.4737,,4.81,4.13,3.86,3.92,-0.95,
2023-07-25,2.1725,2.4627,2.663,3.0156,0.4905,,4.85,4.15,3.91,3.95,-0.94,
2023-07-26,2.1602,2.4328,2.643,3.0003,0.4828,,4.82,4.09,3.86,3.94,-0.96,
2023-07-27,2.1429,2.4232,2.6395,2.9948,0.4966,,4.91,4.24,4.01,4.06,-0.9,
2023-07-28,2.1561,2.441,2.6533,3.0061,0.4972,,4.87,4.18,3.96,4.03,-0.91,
2023-07-31,2.1646,2.4544,2.6597,3.0103,0.4951,,4.88,4.18,3.97,4.02,-0.91,
2023-08-01,2.1552,2.4599,2.6607,3.0119,0.5055,,4.92,4.24,4.05,4.11,-0.87,
2023-08-02,2.1451,2.4526,2.6525,2.9989,0.5074,,4.88,4.24,4.08,4.17,-0.8,
2023-08-03,2.1212,2.4254,2.6435,2.9927,0.5223,,4.9,4.3,4.2,4.32,-0.7,
2023-08-04,2.1301,2.428,2.6469,2.9927,0.5168,,4.78,4.15,4.05,4.21,-0.73,
2023-08-07,2.1431,2.4259,2.6462,2.9904,0.5031,,4.76,4.16,4.09,4.27,-0.67,
2023-08-08,2.14,2.4211,2.6454,2.9879,0.5054,,4.74,4.1,4.02,4.2,-0.72,
2023-08-09,2.1428,2.4237,2.6461,2.9896,0.5033,,4.79,4.12,4.0,4.18,-0.79,
2023-08-10,2.152,2.429,2.6475,2.992,0.4955,,4.82,4.21,4.09,4.24,-0.73,
2023-08-11,2.147,2.4216,2.6381,2.985,0.4911,,4.89,4.31,4.16,4.27,-0.73,
2023-08-14,2.1417,2.4048,2.6212,2.971,0.4795,,4.96,4.36,4.19,4.29,-0.77,
2023-08-15,2.1193,2.3772,2.5759,2.9342,0.4566,,4.92,4.36,4.21,4.32,-0.71,
2023-08-16,2.1125,2.365,2.5649,2.9259,0.4524,,4.97,4.42,4.28,4.38,-0.69,
2023-08-17,2.1251,2.3703,2.5678,2.9285,0.4427,,4.94,4.42,4.3,4.41,-0.64,
2023-08-18,2.1176,2.3657,2.5639,2.9225,0.4463,,4.92,4.38,4.26,4.38,-0.66,
2023-08-21,2.1092,2.3456,2.5403,2.8894,0.4311,,4.97,4.46,4.34,4.45,-0.63,
2023-08-22,2.1168,2.3636,2.5564,2.8938,0.4396,,5.02,4.49,4.34,4.42,-0.68,
2023-08-23,2.1239,2.3665,2.5535,2.8834,0.4296,,4.95,4.36,4.19,4.27,-0.76,
2023-08-24,2.1189,2.3653,2.5543,2.8812,0.4354,,4.98,4.39,4.23,4.3,-0.75,
2023-08-25,2.1504,2.3877,2.5702,2.8877,0.4198,,5.03,4.44,4.25,4.3,-0.78,
2023-08-28,2.1771,2.4075,2.5837,2.8955,0.4066,,4.98,4.38,4.2,4.29,-0.78,
2023-08-29,2.1875,2.4203,2.57,2.9006,0.3825,,4.87,4.26,4.12,4.23,-0.75,
2023-08-30,2.1497,2.3989,2.56,2.9026,0.4103,,4.9,4.27,4.12,4.23,-0.78,
2023-08-31,2.1497,2.3996,2.5575,2.9027,0.4078,,4.85,4.23,4.09,4.2,-0.76,
2023-09-01,2.1765,2.4382,2.585,2.928,0.4085,,4.87,4.29,4.18,4.29,-0.69,
2023-09-04,2.1973,2.4691,2.6124,2.9611,0.4151,,,,,,,
2023-09-05,2.1919,2.4697,2.615,2.9666,0.4231,,4.94,4.37,4.27,4.38,-0.67,
2023-09-06,2.2409,2.5039,2.6375,2.9869,0.3966,,5.01,4.44,4.3,4.37,-0.71,
2023-09-07,2.2519,2.4986,2.635,2.9834,0.3831,,4.94,4.38,4.27,4.36,-0.67,
2023-09-08,2.2511,2.493,2.6375,2.9849,0.3864,,4.98,4.39,4.26,4.33,-0.72,
2023-09-11,2.2601,2.493,2.63,2.983,0.3699,,4.97,4.4,4.29,4.37,-0.68,
2023-09-12,2.2492,2.4808,2.623,2.9824,0.3738,,4.98,4.41,4.27,4.35,-0.71,
2023-09-13,2.2233,2.4685,2.615,2.9732,0.3917,,4.96,4.39,4.25,4.34,-0.71,
2023-09-14,2.2195,2.462,2.6075,2.9545,0.388,,5.0,4.42,4.29,4.39,-0.71,
2023-09-15,2.2395,2.4939,2.64,2.984,0.4005,,5.02,4.45,4.33,4.42,-0.69,
2023-09-18,2.2695,2.5126,2.65,2.9841,0.3805,,5.05,4.46,4.32,4.4,-0.73,
2023-09-19,2.2895,2.5234,2.6625,2.9895,0.373,,5.08,4.51,4.37,4.43,-0.71,
2023-09-20,2.287,2.5211,2.665,2.9919,0.378,,5.12,4.52,4.35,4.4,-0.77,
2023-09-21,2.2719,2.5092,2.6576,2.984,0.3857,,5.12,4.61,4.49,4.56,-0.63,
2023-09-22,2.2843,2.5296,2.6776,2.9971,0.3933,,5.1,4.57,4.44,4.53,-0.66,
2023-09-25,2.307,2.5511,2.6976,3.0119,0.3906,,5.09,4.62,4.55,4.67,-0.54,
2023-09-26,2.3243,2.5491,2.6951,3.0068,0.3708,,5.04,4.62,4.56,4.7,-0.48,
2023-09-27,2.3106,2.5354,2.6877,3.007,0.3771,,5.1,4.67,4.61,4.73,-0.49,
2023-09-28,2.2759,2.5256,2.6751,3.0022,0.3992,,5.04,4.62,4.59,4.71,-0.45,
2023-09-29,,,,,,,5.03,4.6,4.59,4.73,-0.44,
2023-10-02,,,,,,,5.12,4.72,4.69,4.81,-0.43,
2023-10-03,,,,,,,5.15,4.8,4.81,4.95,-0.34,
2023-10-04,,,,,,,5.05,4.72,4.73,4.87,-0.32,
2023-10-05,,,,,,,5.03,4.68,4.72,4.89,-0.31,
2023-10-06,,,,,,,5.08,4.75,4.78,4.95,-0.3,
2023-10-07,2.2612,2.5175,2.6651,2.9926,0.4039,,,,,,,
2023-10-08,2.2619,2.5178,2.6626,2.9948,0.4007,,,,,,,
2023-10-09,2.3003,2.5352,2.6702,2.999,0.3699,,,,,,,
2023-10-10,2.3459,2.555,2.6811,3.0019,0.3352,,4.96,4.62,4.66,4.85,-0.3,
2023-10-11,2.3889,2.5899,2.6976,3.0153,0.3087,,4.99,4.59,4.58,4.73,-0.41,
2023-10-12,2.3624,2.5803,2.6911,3.0139,0.3287,,5.06,4.69,4.7,4.86,-0.36,
2023-10-13,2.3481,2.5528,2.6702,2.9952,0.3221,,5.04,4.65,4.63,4.78,-0.41,
2023-10-16,2.3804,2.5629,2.6777,2.9997,0.2973,,5.09,4.72,4.71,4.87,-0.38,
2023-10-17,2.4053,2.573,2.6882,3.0021,0.2829,,5.19,4.86,4.83,4.94,-0.36,
2023-10-18,2.4308,2.6029,2.7052,3.0021,0.2744,,5.19,4.92,4.91,5.0,-0.28,
2023-10-19,2.4498,2.6205,2.7177,3.0077,0.2679,,5.14,4.95,4.98,5.11,-0.16,
2023-10-20,2.425,2.5982,2.7052,2.9962,0.2802,,5.07,4.86,4.93,5.09,-0.14,
2023-10-23,2.4106,2.5887,2.7047,2.9903,0.2941,,5.05,4.81,4.86,5.01,-0.19,
2023-10-24,2.4118,2.5862,2.7177,2.9978,0.3059,,5.02,4.82,4.83,4.96,-0.19,
2023-10-25,2.3615,2.5515,2.7052,3.0004,0.3437,,5.08,4.89,4.95,5.09,-0.13,
2023-10-26,2.3885,2.5667,2.7152,3.0054,0.3267,,5.02,4.79,4.86,5.01,-0.16,
2023-10-27,2.3835,2.5518,2.7133,3.0104,0.3298,,4.99,4.76,4.84,5.03,-0.15,
2023-10-30,2.3725,2.5526,2.7141,3.0106,0.3416,,5.03,4.8,4.88,5.04,-0.15,
2023-10-31,2.3611,2.5325,2.6938,2.9956,0.3327,,5.07,4.82,4.88,5.04,-0.19,
2023-11-01,2.3817,2.5299,2.6853,2.9911,0.3036,,4.95,4.67,4.77,4.96,-0.18,
2023-11-02,2.3524,2.4975,2.6553,2.9666,0.3029,,4.98,4.65,4.67,4.82,-0.31,
2023-11-03,2.3713,2.5177,2.6613,2.9727,0.29,,4.83,4.49,4.57,4.77,-0.26,
2023-11-06,2.3766,2.5181,2.6554,2.9683,0.2788,,4.93,4.6,4.67,4.84,-0.26,
2023-11-07,2.4122,2.5329,2.6632,2.9718,0.251,,4.91,4.53,4.58,4.75,-0.33,
2023-11-08,2.3839,2.5211,2.6464,2.9583,0.2625,,4.93,4.51,4.49,4.64,-0.44,
2023-11-09,2.4012,2.5204,2.6494,2.9584,0.2482,,5.03,4.65,4.62,4.77,-0.41,
2023-11-10,2.3808,2.5029,2.6444,2.9459,0.2636,,5.04,4.65,4.61,4.73,-0.43,
2023-11-13,2.3736,2.4909,2.6454,2.9385,0.2718,,5.02,4.66,4.63,4.75,-0.39,
2023-11-14,2.3757,2.5039,2.6573,2.9439,0.2816,,4.8,4.42,4.44,4.61,-0.36,
2023-11-15,2.3493,2.5021,2.6633,2.9485,0.314,,4.9,4.52,4.53,4.68,-0.37,
2023-11-16,2.3381,2.5027,2.6558,2.944,0.3177,,4.83,4.43,4.45,4.63,-0.38,
2023-11-17,2.3423,2.5058,2.6524,2.9336,0.3101,,4.88,4.45,4.44,4.59,-0.44,
2023-11-20,2.3641,2.5243,2.6584,2.9321,0.2943,,4.89,4.44,4.42,4.57,-0.47,
2023-11-21,2.3942,2.545,2.6684,2.9388,0.2742,,4.86,4.41,4.41,4.57,-0.45,
2023-11-22,2.4135,2.5661,2.6823,2.9538,0.2688,,4.89,4.44,4.42,4.55,-0.47,
2023-11-23,2.4402,2.5837,2.7023,2.9704,0.2621,,,,,,,
2023-11-24,2.4563,2.5961,2.7053,2.9684,0.249,,4.92,4.49,4.47,4.6,-0.45,
2023-11-27,2.4719,2.6012,2.7108,2.9745,0.2389,,4.84,4.38,4.39,4.53,-0.45,
2023-11-28,2.4369,2.5762,2.6898,2.954,0.2529,,4.73,4.29,4.34,4.52,-0.39,
2023-11-29,2.446,2.584,2.6826,2.9525,0.2366,,4.64,4.22,4.27,4.44,-0.37,
2023-11-30,2.4259,2.5691,2.668,2.9405,0.2421,,4.73,4.31,4.37,4.54,-0.36,
2023-12-01,2.4169,2.5665,2.6625,2.9445,0.2456,,4.56,4.14,4.22,4.4,-0.34,
2023-12-04,2.4576,2.592,2.6725,2.9537,0.2149,,4.64,4.23,4.28,4.43,-0.36,
2023-12-05,2.4514,2.5843,2.665,2.9487,0.2136,,4.57,4.14,4.18,4.3,-0.39,
2023-12-06,2.4776,2.5952,2.6725,2.9517,0.1949,,4.6,4.12,4.12,4.22,-0.48,
2023-12-07,2.4427,2.5644,2.664,2.9457,0.2213,,4.58,4.11,4.14,4.25,-0.44,
2023-12-08,2.4375,2.557,2.6636,2.9428,0.2261,,4.71,4.24,4.23,4.31,-0.48,
2023-12-11,2.435,2.5427,2.644,2.9288,0.209,,4.71,4.25,4.23,4.32,-0.48,
2023-12-12,2.4359,2.5342,2.6375,2.9293,0.2016,,4.73,4.23,4.2,4.3,-0.53,
2023-12-13,2.3905,2.5136,2.6226,2.9148,0.2321,,4.46,4.0,4.04,4.19,-0.42,
2023-12-14,2.3674,2.5188,2.6376,2.9219,0.2702,,4.37,3.9,3.92,4.03,-0.45,
2023-12-15,2.3402,2.4916,2.6227,2.9039,0.2825,,4.44,3.91,3.91,4.0,-0.53,
2023-12-18,2.329,2.4867,2.6126,2.8869,0.2836,,4.43,3.94,3.95,4.05,-0.48,
2023-12-19,2.3632,2.5088,2.6191,2.892,0.2559,,4.41,3.94,3.93,4.03,-0.48,
2023-12-20,2.3709,2.5197,2.6222,2.8849,0.2513,,4.34,3.86,3.86,3.98,-0.48,
2023-12-21,2.3461,2.4783,2.5901,2.8492,0.244,,4.33,3.87,3.89,4.03,-0.44,
2023-12-22,2.3213,2.4562,2.5877,2.8341,0.2664,,4.31,3.87,3.9,4.05,-0.41,
2023-12-25,2.2887,2.4172,2.5678,2.8077,0.2791,,,,,,,
2023-12-26,2.2559,2.4123,2.5804,2.8267,0.3245,,4.26,3.89,3.89,4.04,-0.37,
2023-12-27,2.2212,2.3836,2.5577,2.8167,0.3365,,4.2,3.78,3.79,3.95,-0.41,
2023-12-28,2.223,2.4081,2.5694,2.8288,0.3464,,4.26,3.83,3.84,3.98,-0.42,
2023-12-29,2.2098,2.4001,2.5553,2.8269,0.3455,,4.23,3.84,3.88,4.03,-0.35,
2023-12-31,2.2098,2.4001,2.5553,2.8269,0.3455,5.4,,,,,,2.9
2024-01-02,2.2462,2.4374,2.5601,2.8422,0.3139,,4.33,3.93,3.95,4.08,-0.38,
2024-01-03,2.2558,2.4212,2.5531,2.8402,0.2973,,4.33,3.9,3.91,4.05,-0.42,
2024-01-04,2.2554,2.4089,2.5368,2.817,0.2814,,4.38,3.97,3.99,4.13,-0.39,
2024-01-05,2.2369,2.3903,2.5175,2.8043,0.2806,,4.4,4.02,4.05,4.21,-0.35,
2024-01-08,2.2558,2.408,2.5136,2.802,0.2578,,4.36,3.97,4.01,4.17,-0.35,
2024-01-09,2.2388,2.3905,2.4862,2.7693,0.2474,,4.36,3.97,4.02,4.18,-0.34,
2024-01-10,2.254,2.4062,2.4982,2.7758,0.2442,,4.37,3.99,4.04,4.2,-0.33,
2024-01-11,2.2398,2.4042,2.4992,2.7769,0.2594,,4.26,3.9,3.98,4.18,-0.28,
2024-01-12,2.2428,2.4156,2.5172,2.793,0.2744,,4.14,3.84,3.96,4.2,-0.18,
2024-01-15,2.2561,2.4256,2.5212,2.7856,0.2651,,,,,,,
2024-01-16,2.2734,2.4406,2.5252,2.7897,0.2518,,4.22,3.95,4.07,4.3,-0.15,
2024-01-17,2.2638,2.4003,2.5077,2.7747,0.2439,,4.34,4.02,4.1,4.31,-0.24,
2024-01-18,2.2581,2.3954,2.5092,2.7732,0.2511,,4.34,4.04,4.14,4.37,-0.2,
2024-01-19,2.2392,2.378,2.5027,2.7583,0.2635,,4.39,4.08,4.15,4.36,-0.24,
2024-01-22,2.2383,2.3709,2.4922,2.7224,0.2539,,4.37,4.03,4.11,4.32,-0.26,
2024-01-23,2.2499,2.3835,2.5042,2.7327,0.2543,,4.31,4.06,4.14,4.38,-0.17,
2024-01-24,2.2239,2.3713,2.5042,2.738,0.2803,,4.34,4.06,4.18,4.41,-0.16,
2024-01-25,2.1874,2.3314,2.4984,2.7321,0.311,,4.28,4.01,4.14,4.38,-0.14,
2024-01-26,2.1889,2.3441,2.4994,2.7331,0.3105,,4.34,4.04,4.15,4.38,-0.19,
2024-01-29,2.1467,2.3222,2.494,2.7272,0.3473,,4.29,3.97,4.08,4.31,-0.21,
2024-01-30,2.1166,2.2849,2.4557,2.6831,0.3391,,4.36,4.0,4.06,4.28,-0.3,
2024-01-31,2.1336,2.2872,2.433,2.6482,0.2994,,4.27,3.91,3.99,4.22,-0.28,
2024-02-01,2.1499,2.3048,2.4354,2.6472,0.2855,,4.2,3.8,3.87,4.1,-0.33,
2024-02-02,2.137,2.2799,2.4244,2.6353,0.2874,,4.36,3.99,4.03,4.22,-0.33,
2024-02-04,2.111,2.2728,2.4053,2.6076,0.2943,,,,,,,
2024-02-05,2.1457,2.2751,2.4002,2.5974,0.2545,,4.46,4.13,4.17,4.35,-0.29,
2024-02-06,2.1967,2.3329,2.4525,2.6579,0.2558,,4.39,4.03,4.09,4.29,-0.3,
2024-02-07,2.1563,2.2985,2.4153,2.6214,0.259,,4.41,4.06,4.09,4.31,-0.32,
2024-02-08,2.1496,2.2885,2.4379,2.6505,0.2883,,4.46,4.12,4.15,4.36,-0.31,
2024-02-09,2.1496,2.2885,2.4302,2.6505,0.2806,,4.48,4.14,4.17,4.37,-0.31,
2024-02-12,,,,,,,4.46,4.13,4.17,4.37,-0.29,
2024-02-13,,,,,,,4.64,4.31,4.31,4.46,-0.33,
2024-02-14,,,,,,,4.56,4.25,4.27,4.45,-0.29,
2024-02-15,,,,,,,4.56,4.22,4.24,4.42,-0.32,
2024-02-16,,,,,,,4.64,4.29,4.3,4.45,-0.34,
2024-02-18,2.1522,2.2972,2.4393,2.643,0.2871,,,,,,,
2024-02-19,2.1511,2.3058,2.4344,2.627,0.2833,,,,,,,
2024-02-20,2.1241,2.2759,2.4134,2.6004,0.2893,,4.59,4.25,4.27,4.44,-0.32,
2024-02-21,2.1133,2.2683,2.4119,2.601,0.2986,,4.64,4.3,4.32,4.49,-0.32,
2024-02-22,2.0703,2.2439,2.4033,2.591,0.333,,4.69,4.33,4.33,4.47,-0.36,
2024-02-23,2.0787,2.2495,2.4009,2.5809,0.3222,,4.67,4.28,4.26,4.37,-0.41,
2024-02-26,2.0663,2.2244,2.3789,2.54,0.3126,,4.69,4.29,4.28,4.4,-0.41,
2024-02-27,2.0913,2.2419,2.3809,2.5224,0.2896,,4.7,4.32,4.31,4.44,-0.39,
2024-02-28,2.0687,2.2223,2.3376,2.4868,0.2689,,4.64,4.26,4.27,4.4,-0.37,
2024-02-29,2.0526,2.2178,2.3375,2.4616,0.2849,,4.64,4.26,4.25,4.38,-0.39,
2024-03-01,2.0964,2.2632,2.3675,2.4915,0.2711,,4.54,4.17,4.19,4.33,-0.35,
2024-03-04,2.0862,2.2489,2.3475,2.4738,0.2613,,4.61,4.21,4.22,4.36,-0.39,
2024-03-05,2.0706,2.2285,2.3169,2.4794,0.2463,,4.54,4.13,4.13,4.27,-0.41,
2024-03-06,2.0337,2.1675,2.265,2.4274,0.2313,,4.55,4.12,4.11,4.24,-0.44,
2024-03-07,2.052,2.1959,2.2776,2.431,0.2256,,4.5,4.07,4.09,4.25,-0.41,
2024-03-08,2.0617,2.2089,2.2825,2.4335,0.2208,,4.48,4.06,4.09,4.26,-0.39,
2024-03-11,2.0754,2.232,2.305,2.4766,0.2296,,4.51,4.08,4.1,4.26,-0.41,
2024-03-12,2.1072,2.2716,2.3476,2.5415,0.2404,,4.58,4.15,4.16,4.31,-0.42,
2024-03-13,2.1025,2.2587,2.3326,2.5313,0.2301,,4.61,4.19,4.19,4.35,-0.42,
2024-03-14,2.1013,2.2595,2.3425,2.5343,0.2412,,4.68,4.29,4.29,4.44,-0.39,
2024-03-15,2.081,2.2428,2.32,2.5094,0.239,,4.72,4.33,4.31,4.43,-0.41,
2024-03-18,2.0435,2.2168,2.2926,2.4857,0.2491,,4.73,4.36,4.34,4.46,-0.39,
2024-03-19,2.0023,2.2074,2.2801,2.4485,0.2778,,4.68,4.31,4.3,4.44,-0.38,
2024-03-20,2.0031,2.2233,2.2951,2.466,0.292,,4.59,4.25,4.27,4.45,-0.32,
2024-03-21,1.9836,2.2036,2.2851,2.4615,0.3015,,4.62,4.26,4.27,4.44,-0.35,
2024-03-22,1.9791,2.2143,2.3051,2.4832,0.326,,4.59,4.2,4.22,4.39,-0.37,
2024-03-25,1.9596,2.2281,2.3151,2.4962,0.3555,,4.54,4.23,4.25,4.42,-0.29,
2024-03-26,1.9549,2.2279,2.3175,2.4982,0.3626,,4.56,4.22,4.24,4.4,-0.32,
2024-03-27,1.941,2.1948,2.2876,2.4636,0.3466,,4.54,4.18,4.2,4.36,-0.34,
2024-03-28,1.9415,2.2112,2.3026,2.4664,0.3611,,4.59,4.21,4.2,4.34,-0.39,
2024-03-29,1.9017,2.1974,2.2901,2.4594,0.3884,,,,,,,
2024-04-01,1.9129,2.2172,2.3082,2.4848,0.3953,,4.72,4.34,4.33,4.47,-0.39,
2024-04-02,1.8958,2.1967,2.2927,2.475,0.3969,,4.7,4.35,4.36,4.51,-0.34,
2024-04-03,1.8886,2.1897,2.2837,2.4635,0.3951,,4.68,4.34,4.36,4.51,-0.32,
2024-04-04,,,,,,,4.65,4.3,4.31,4.47,-0.34,
2024-04-05,,,,,,,4.73,4.38,4.39,4.54,-0.34,
2024-04-07,1.8886,2.1946,2.2937,2.4776,0.4051,,,,,,,
2024-04-08,1.863,2.169,2.2822,2.4656,0.4192,,4.78,4.43,4.42,4.55,-0.36,
2024-04-09,1.8562,2.1533,2.2802,2.4637,0.424,,4.74,4.37,4.36,4.5,-0.38,
2024-04-10,1.856,2.1591,2.2972,2.4891,0.4412,,4.97,4.61,4.55,4.64,-0.42,
2024-04-11,1.8538,2.1378,2.2928,2.4928,0.439,,4.93,4.61,4.56,4.65,-0.37,
2024-04-12,1.8465,2.1119,2.2837,2.487,0.4372,,4.88,4.54,4.5,4.61,-0.38,
2024-04-15,1.8688,2.1263,2.2798,2.4863,0.411,,4.93,4.65,4.63,4.74,-0.3,
2024-04-16,1.8785,2.1288,2.2723,2.4717,0.3938,,4.97,4.69,4.67,4.77,-0.3,
2024-04-17,1.8769,2.1053,2.2608,2.4556,0.3839,,4.93,4.62,4.59,4.71,-0.34,
2024-04-18,1.8543,2.0804,2.2537,2.4466,0.3994,,4.98,4.68,4.64,4.74,-0.34,
2024-04-19,1.851,2.0755,2.254,2.4411,0.403,,4.97,4.66,4.62,4.72,-0.35,
2024-04-22,1.8411,2.0735,2.2435,2.4341,0.4024,,4.97,4.66,4.62,4.72,-0.35,
2024-04-23,1.8266,2.0563,2.226,2.4211,0.3994,,4.86,4.63,4.61,4.73,-0.25,
2024-04-24,1.8542,2.0965,2.2727,2.4791,0.4185,,4.89,4.64,4.65,4.78,-0.24,
2024-04-25,1.8279,2.0668,2.2612,2.4841,0.4333,,4.96,4.7,4.7,4.82,-0.26,
2024-04-26,1.8937,2.1245,2.3084,2.5257,0.4147,,4.96,4.68,4.67,4.78,-0.29,
2024-04-28,1.8927,2.1575,2.3244,2.5493,0.4317,,,,,,,
2024-04-29,1.9494,2.1876,2.353,2.5833,0.4036,,4.97,4.65,4.63,4.75,-0.34,
2024-04-30,1.9032,2.1484,2.3028,2.5382,0.3996,,5.04,4.72,4.69,4.79,-0.35,
2024-05-01,,,,,,,4.96,4.64,4.63,4.74,-0.33,
2024-05-02,,,,,,,4.87,4.57,4.58,4.72,-0.29,
2024-05-03,,,,,,,4.81,4.48,4.5,4.66,-0.31,
2024-05-06,1.905,2.1268,2.3081,2.5587,0.4031,,4.82,4.48,4.49,4.64,-0.33,
2024-05-07,1.8776,2.0994,2.2896,2.5413,0.412,,4.82,4.48,4.47,4.61,-0.35,
2024-05-08,1.8835,2.1068,2.2955,2.55,0.412,,4.84,4.5,4.48,4.64,-0.36,
2024-05-09,1.8886,2.1295,2.3186,2.5726,0.43,,4.8,4.47,4.45,4.6,-0.35,
2024-05-10,1.8794,2.1301,2.3122,2.5826,0.4328,,4.87,4.52,4.5,4.64,-0.37,
2024-05-11,1.893,2.1556,2.3361,2.6126,0.4431,,,,,,,
2024-05-13,1.8564,2.096,2.29,2.5661,0.4336,,4.85,4.5,4.48,4.63,-0.37,
2024-05-14,1.847,2.086,2.2938,2.5631,0.4468,,4.81,4.46,4.45,4.59,-0.36,
2024-05-15,1.8364,2.0916,2.302,2.5681,0.4656,,4.73,4.35,4.36,4.52,-0.37,
2024-05-16,1.848,2.1035,2.3147,2.5811,0.4667,,4.78,4.4,4.38,4.52,-0.4,
2024-05-17,1.8324,2.0928,2.3077,2.5867,0.4753,,4.83,4.44,4.42,4.56,-0.41,
2024-05-20,1.8362,2.0983,2.3105,2.5917,0.4743,,4.82,4.46,4.44,4.58,-0.38,
2024-05-21,1.8458,2.1028,2.3141,2.5927,0.4683,,4.82,4.43,4.41,4.55,-0.41,
2024-05-22,1.836,2.0959,2.3123,2.57,0.4763,,4.86,4.47,4.43,4.55,-0.43,
2024-05-23,1.8217,2.0884,2.3063,2.5451,0.4846,,4.91,4.52,4.47,4.58,-0.44,
2024-05-24,1.8278,2.096,2.3134,2.5515,0.4856,,4.93,4.53,4.46,4.57,-0.47,
2024-05-27,1.8372,2.0961,2.3084,2.5452,0.4712,,,,,,,
2024-05-28,1.832,2.0871,2.2994,2.5302,0.4674,,4.94,4.56,4.54,4.66,-0.4,
2024-05-29,1.818,2.0848,2.2776,2.5242,0.4596,,4.96,4.63,4.61,4.74,-0.35,
2024-05-30,1.8104,2.0862,2.2826,2.5327,0.4722,,4.92,4.57,4.55,4.69,-0.37,
2024-05-31,1.7987,2.085,2.2926,2.5552,0.4939,,4.89,4.52,4.51,4.65,-0.38,
2024-06-03,1.7862,2.0699,2.2853,2.5473,0.4991,,4.82,4.42,4.41,4.55,-0.41,
2024-06-04,1.7858,2.0708,2.2854,2.5453,0.4996,,4.77,4.35,4.33,4.48,-0.44,
2024-06-05,1.7785,2.0573,2.2808,2.5378,0.5023,,4.72,4.31,4.29,4.44,-0.43,
2024-06-06,1.7759,2.0595,2.2828,2.5378,0.5069,,4.72,4.29,4.28,4.43,-0.44,
2024-06-07,1.7634,2.0598,2.2833,2.5303,0.5199,,4.87,4.46,4.43,4.55,-0.44,
2024-06-10,,,,,,,4.87,4.48,4.47,4.59,-0.4,
2024-06-11,1.7594,2.0555,2.2791,2.5195,0.5197,,4.81,4.41,4.39,4.53,-0.42,
2024-06-12,1.7688,2.0634,2.276,2.5235,0.5072,,4.75,4.32,4.31,4.47,-0.44,
2024-06-13,1.7841,2.0655,2.2678,2.5175,0.4837,,4.68,4.24,4.24,4.4,-0.44,
2024-06-14,1.7762,2.0588,2.2558,2.499,0.4796,,4.67,4.22,4.2,4.34,-0.47,
2024-06-17,1.7862,2.0659,2.2609,2.5057,0.4747,,4.75,4.3,4.28,4.4,-0.47,
2024-06-18,1.7772,2.0568,2.2537,2.4887,0.4765,,4.69,4.24,4.22,4.36,-0.47,
2024-06-19,1.7112,2.0236,2.2429,2.4797,0.5317,,,,,,,
2024-06-20,1.6964,2.0289,2.2445,2.4708,0.5481,,4.7,4.26,4.25,4.39,-0.45,
2024-06-21,1.6917,2.039,2.2571,2.4797,0.5654,,4.7,4.26,4.25,4.39,-0.45,
2024-06-24,1.7054,2.0255,2.2451,2.4607,0.5397,,4.71,4.27,4.25,4.38,-0.46,
2024-06-25,1.6809,2.0159,2.235,2.4477,0.5541,,4.65,4.25,4.23,4.36,-0.42,
2024-06-26,1.656,1.9987,2.2225,2.4442,0.5665,,4.71,4.32,4.32,4.45,-0.39,
2024-06-27,1.6381,1.9769,2.2081,2.4282,0.57,,4.7,4.29,4.29,4.43,-0.41,
2024-06-28,1.6335,1.9782,2.2058,2.4282,0.5723,,4.71,4.33,4.36,4.51,-0.35,
2024-07-01,1.6546,2.02,2.2486,2.4782,0.594,,4.77,4.44,4.48,4.64,-0.29,
2024-07-02,1.6452,1.9875,2.2369,2.4692,0.5917,,4.74,4.39,4.43,4.6,-0.31,
2024-07-03,1.6357,1.9589,2.2426,2.4738,0.6069,,4.71,4.33,4.36,4.53,-0.35,
2024-07-04,1.6385,1.9711,2.2502,2.4798,0.6117,,,,,,,
2024-07-05,1.6479,1.9995,2.2754,2.513,0.6275,,4.6,4.22,4.28,4.47,-0.32,
2024-07-08,1.6769,2.0347,2.2904,2.5205,0.6135,,4.62,4.23,4.28,4.46,-0.34,
2024-07-09,1.6364,2.0074,2.2698,2.5017,0.6334,,4.62,4.24,4.3,4.49,-0.32,
2024-07-10,1.6369,2.0131,2.2707,2.5068,0.6338,,4.62,4.24,4.28,4.47,-0.34,
2024-07-11,1.6353,2.0064,2.2648,2.5025,0.6295,,4.5,4.13,4.2,4.41,-0.3,
2024-07-12,1.6224,2.0016,2.2604,2.4921,0.638,,4.45,4.1,4.18,4.39,-0.27,
2024-07-15,1.6314,1.9891,2.2541,2.4772,0.6227,,4.44,4.13,4.23,4.46,-0.21,
2024-07-16,1.6244,1.9841,2.2613,2.4801,0.6369,,4.43,4.09,4.17,4.38,-0.26,
2024-07-17,1.6145,1.9579,2.2598,2.4812,0.6453,,4.42,4.07,4.16,4.37,-0.26,
2024-07-18,1.617,1.9607,2.2673,2.4901,0.6503,,4.46,4.11,4.2,4.41,-0.26,
2024-07-19,1.6081,1.9534,2.2614,2.4842,0.6533,,4.49,4.16,4.25,4.45,-0.24,
2024-07-22,1.5624,1.9141,2.2461,2.4712,0.6837,,4.5,4.17,4.26,4.48,-0.24,
2024-07-23,1.5425,1.8918,2.2322,2.4691,0.6897,,4.4,4.15,4.25,4.48,-0.15,
2024-07-24,1.5298,1.8972,2.2381,2.4676,0.7083,,4.37,4.12,4.28,4.54,-0.09,
2024-07-25,1.5142,1.8923,2.2168,2.4357,0.7026,,4.41,4.13,4.27,4.5,-0.14,
2024-07-26,1.5296,1.8976,2.1944,2.4226,0.6648,,4.36,4.06,4.2,4.45,-0.16,
2024-07-29,1.5331,1.8933,2.1574,2.39,0.6243,,4.36,4.05,4.17,4.42,-0.19,
2024-07-30,1.5339,1.8836,2.148,2.3765,0.6141,,4.35,4.03,4.15,4.4,-0.2,
2024-07-31,1.5252,1.849,2.1494,2.3825,0.6242,,4.29,3.97,4.09,4.35,-0.2,
2024-08-01,1.5259,1.8262,2.1297,2.3651,0.6038,,4.16,3.84,3.99,4.27,-0.17,
2024-08-02,1.5282,1.8188,2.1277,2.3465,0.5995,,3.88,3.62,3.8,4.11,-0.08,
2024-08-05,1.5185,1.8144,2.1376,2.3375,0.6191,,3.89,3.62,3.78,4.06,-0.11,
2024-08-06,1.5277,1.817,2.1491,2.355,0.6214,,3.99,3.73,3.9,4.18,-0.09,
2024-08-07,1.5228,1.7995,2.1414,2.335,0.6186,,4.0,3.79,3.96,4.26,-0.04,
2024-08-08,1.5466,1.8349,2.181,2.37,0.6344,,4.04,3.83,3.99,4.28,-0.05,
2024-08-09,1.5739,1.8706,2.1986,2.38,0.6247,,4.05,3.8,3.94,4.23,-0.11,
2024-08-12,1.6505,1.9358,2.2508,2.435,0.6003,,4.01,3.75,3.9,4.19,-0.11,
2024-08-13,1.6443,1.9011,2.2255,2.4075,0.5812,,3.93,3.68,3.85,4.16,-0.08,
2024-08-14,1.6517,1.8858,2.1966,2.3751,0.5449,,3.94,3.67,3.83,4.12,-0.11,
2024-08-15,1.6837,1.9058,2.205,2.39,0.5213,,4.08,3.79,3.92,4.18,-0.16,
2024-08-16,1.6719,1.8901,2.1978,2.39,0.5259,,4.06,3.77,3.89,4.15,-0.17,
2024-08-19,1.6717,1.8834,2.1816,2.3675,0.5099,,4.06,3.75,3.86,4.11,-0.2,
2024-08-20,1.6708,1.8859,2.171,2.36,0.5002,,3.99,3.7,3.82,4.07,-0.17,
2024-08-21,1.6548,1.8761,2.167,2.3551,0.5122,,3.92,3.64,3.79,4.06,-0.13,
2024-08-22,1.6297,1.8726,2.1582,2.3476,0.5285,,3.99,3.72,3.86,4.13,-0.13,
2024-08-23,1.576,1.8487,2.1547,2.3401,0.5787,,3.9,3.65,3.81,4.1,-0.09,
2024-08-26,1.5542,1.8447,2.1628,2.3475,0.6086,,3.91,3.66,3.82,4.11,-0.09,
2024-08-27,1.5542,1.8658,2.1903,2.3825,0.6361,,3.83,3.66,3.83,4.13,0.0,
2024-08-28,1.5364,1.8552,2.1673,2.355,0.6309,,3.83,3.63,3.84,4.13,0.01,
2024-08-29,1.525,1.8671,2.1703,2.365,0.6453,,3.87,3.66,3.87,4.15,0.0,
2024-08-30,1.5197,1.8522,2.1704,2.3651,0.6507,,3.91,3.71,3.91,4.2,0.0,
2024-09-02,1.4853,1.8085,2.1457,2.3425,0.6604,,,,,,,
2024-09-03,1.4526,1.7853,2.1432,2.339,0.6906,,3.88,3.65,3.84,4.13,-0.04,
2024-09-04,1.4595,1.775,2.1336,2.3225,0.6741,,3.76,3.56,3.77,4.06,0.01,
2024-09-05,1.4517,1.7761,2.1338,2.3125,0.6821,,3.75,3.54,3.73,4.02,-0.02,
2024-09-06,1.4425,1.779,2.1388,2.309,0.6963,,3.66,3.5,3.72,4.03,0.06,
2024-09-09,1.4234,1.77,2.1267,2.29,0.7033,,3.68,3.49,3.7,4.0,0.02,
2024-09-10,1.3868,1.7497,2.1143,2.267,0.7275,,3.59,3.43,3.65,3.97,0.06,
2024-09-11,1.3325,1.7175,2.1044,2.263,0.7719,,3.62,3.45,3.65,3.96,0.03,
2024-09-12,1.347,1.7232,2.0998,2.2471,0.7528,,3.64,3.47,3.68,4.0,0.04,
2024-09-13,1.35,1.7205,2.0724,2.2176,0.7224,,3.57,3.43,3.66,3.98,0.09,
2024-09-14,1.334,1.7009,2.0425,2.183,0.7085,,,,,,,
2024-09-16,,,,,,,3.56,3.41,3.63,3.94,0.07,
2024-09-17,,,,,,,3.59,3.44,3.65,3.96,0.06,
2024-09-18,1.359,1.7217,2.0403,2.165,0.6813,,3.61,3.47,3.7,4.03,0.09,
2024-09-19,1.394,1.7411,2.045,2.17,0.651,,3.59,3.49,3.73,4.06,0.14,
2024-09-20,1.3814,1.7281,2.0431,2.15,0.6617,,3.55,3.48,3.73,4.07,0.18,
2024-09-23,1.389,1.7314,2.0381,2.14,0.6491,,3.57,3.51,3.75,4.09,0.18,
2024-09-24,1.419,1.7521,2.0728,2.19,0.6538,,3.49,3.47,3.74,4.09,0.25,
2024-09-25,1.369,1.6995,2.0437,2.155,0.6747,,3.53,3.52,3.79,4.14,0.26,
2024-09-26,1.389,1.7316,2.0787,2.22,0.6897,,3.6,3.55,3.79,4.12,0.19,
2024-09-27,1.439,1.8312,2.1714,2.3475,0.7324,,3.55,3.5,3.75,4.1,0.2,
2024-09-29,1.489,1.9312,2.2534,2.435,0.7644,,,,,,,
2024-09-30,1.459,1.8388,2.1518,2.355,0.6928,,3.66,3.58,3.81,4.14,0.15,
2024-10-01,,,,,,,3.61,3.51,3.74,4.08,0.13,
2024-10-02,,,,,,,3.63,3.55,3.79,4.14,0.16,
2024-10-03,,,,,,,3.7,3.62,3.85,4.18,0.15,
2024-10-04,,,,,,,3.93,3.81,3.98,4.26,0.05,
2024-10-07,,,,,,,3.99,3.86,4.03,4.3,0.04,
2024-10-08,1.519,1.9106,2.1928,2.38,0.6738,,3.98,3.86,4.04,4.32,0.06,
2024-10-09,1.567,1.8886,2.176,2.3576,0.609,,3.99,3.91,4.06,4.34,0.07,
2024-10-10,1.5806,1.8326,2.1441,2.29,0.5635,,3.98,3.91,4.09,4.38,0.11,
2024-10-11,1.56,1.8171,2.1392,2.3,0.5792,,3.95,3.88,4.08,4.39,0.13,
2024-10-12,1.555,1.8122,2.1441,2.3,0.5891,,,,,,,
2024-10-14,1.5556,1.819,2.1368,2.3126,0.5812,,,,,,,
2024-10-15,1.5557,1.8065,2.1254,2.3125,0.5697,,3.95,3.86,4.03,4.32,0.08,
2024-10-16,1.5455,1.8215,2.1331,2.328,0.5876,,3.93,3.84,4.02,4.3,0.09,
2024-10-17,1.4838,1.7805,2.1084,2.295,0.6246,,3.96,3.9,4.09,4.39,0.13,
2024-10-18,1.5048,1.7882,2.1209,2.305,0.6161,,3.95,3.88,4.08,4.38,0.13,
2024-10-21,1.5267,1.7938,2.1211,2.3075,0.5944,,4.02,3.98,4.19,4.49,0.17,
2024-10-22,1.5538,1.8316,2.1458,2.34,0.592,,4.03,4.0,4.2,4.49,0.17,
2024-10-23,1.5708,1.8443,2.1559,2.355,0.5851,,4.07,4.05,4.24,4.51,0.17,
2024-10-24,1.5603,1.8521,2.1661,2.355,0.6058,,4.07,4.03,4.21,4.47,0.14,
2024-10-25,1.4975,1.8428,2.1539,2.36,0.6564,,4.11,4.07,4.25,4.51,0.14,
2024-10-28,1.5042,1.8336,2.1617,2.38,0.6575,,4.12,4.11,4.28,4.53,0.16,
2024-10-29,1.4898,1.8291,2.1598,2.366,0.67,,4.11,4.11,4.28,4.52,0.17,
2024-10-30,1.4731,1.822,2.1597,2.36,0.6866,,4.15,4.14,4.29,4.49,0.14,
2024-10-31,1.4482,1.7947,2.1476,2.335,0.6994,,4.16,4.15,4.28,4.47,0.12,
2024-11-01,1.4338,1.7674,2.1406,2.3175,0.7068,,4.21,4.22,4.37,4.57,0.16,
2024-11-04,1.4297,1.7786,2.1275,2.305,0.6978,,4.17,4.17,4.31,4.5,0.14,
2024-11-05,1.4396,1.7691,2.1106,2.2825,0.671,,4.19,4.16,4.26,4.44,0.07,
2024-11-06,1.439,1.7748,2.1234,2.29,0.6844,,4.27,4.27,4.42,4.6,0.15,
2024-11-07,1.4228,1.7552,2.1115,2.28,0.6887,,4.21,4.17,4.31,4.52,0.1,
2024-11-08,1.4175,1.7427,2.1067,2.2775,0.6892,,4.26,4.2,4.3,4.47,0.04,
2024-11-11,1.4131,1.7409,2.092,2.2575,0.6789,,,,,,,
2024-11-12,1.4081,1.713,2.0729,2.236,0.6648,,4.34,4.32,4.43,4.58,0.09,
2024-11-13,1.4209,1.7186,2.0876,2.26,0.6667,,4.27,4.3,4.44,4.63,0.17,
2024-11-14,1.4146,1.7065,2.0808,2.261,0.6662,,4.34,4.32,4.43,4.58,0.09,
2024-11-15,1.4034,1.7099,2.0948,2.2825,0.6914,,4.31,4.3,4.43,4.6,0.12,
2024-11-18,1.4055,1.724,2.1117,2.3175,0.7062,,4.29,4.28,4.42,4.61,0.13,
2024-11-19,1.4016,1.7122,2.0947,2.286,0.6931,,4.27,4.25,4.39,4.57,0.12,
2024-11-20,1.3974,1.7074,2.1025,2.305,0.7051,,4.31,4.28,4.41,4.59,0.1,
2024-11-21,1.3836,1.6977,2.0843,2.2751,0.7007,,4.34,4.3,4.43,4.61,0.09,
2024-11-22,1.389,1.7031,2.0832,2.265,0.6942,,4.37,4.3,4.41,4.6,0.04,
2024-11-25,1.3852,1.6936,2.0682,2.241,0.683,,4.21,4.17,4.27,4.45,0.06,
2024-11-26,1.3902,1.6988,2.0657,2.245,0.6755,,4.21,4.17,4.3,4.48,0.09,
2024-11-27,1.3926,1.7021,2.0553,2.25,0.6627,,4.19,4.11,4.25,4.44,0.06,
2024-11-28,1.3881,1.6842,2.0304,2.218,0.6423,,,,,,,
2024-11-29,1.3671,1.6598,2.0206,2.2025,0.6535,,4.13,4.05,4.18,4.36,0.05,
2024-12-02,1.3229,1.615,1.981,2.17,0.6581,,4.17,4.08,4.19,4.36,0.02,
2024-12-03,1.328,1.6257,1.9886,2.1675,0.6606,,4.17,4.11,4.23,4.4,0.06,
2024-12-04,1.3039,1.6026,1.9612,2.1375,0.6573,,4.13,4.07,4.19,4.35,0.06,
2024-12-05,1.3037,1.6086,1.9462,2.1425,0.6425,,4.15,4.07,4.17,4.33,0.02,
2024-12-06,1.3184,1.6111,1.9539,2.1585,0.6355,,4.1,4.03,4.15,4.34,0.05,
2024-12-09,1.3165,1.585,1.9168,2.1151,0.6003,,4.13,4.07,4.2,4.39,0.07,
2024-12-10,1.2645,1.5454,1.8468,2.0551,0.5823,,4.15,4.09,4.22,4.41,0.07,
2024-12-11,1.2644,1.53,1.8218,2.0401,0.5574,,4.15,4.13,4.26,4.48,0.11,
2024-12-12,1.2261,1.4844,1.8172,2.043,0.5911,,4.18,4.18,4.32,4.55,0.14,
2024-12-13,1.177,1.4353,1.7771,2.005,0.6001,,4.25,4.25,4.4,4.61,0.15,
2024-12-16,1.1598,1.4176,1.7215,1.9526,0.5617,,4.25,4.25,4.39,4.6,0.14,
2024-12-17,1.1734,1.4417,1.7237,1.9591,0.5503,,4.25,4.26,4.4,4.59,0.15,
2024-12-18,1.1405,1.4515,1.7564,1.9961,0.6159,,4.35,4.4,4.5,4.65,0.15,
2024-12-19,1.131,1.4161,1.7417,1.9926,0.6107,,4.32,4.43,4.57,4.74,0.25,
2024-12-20,1.0706,1.3727,1.7018,1.9526,0.6312,,4.3,4.37,4.52,4.72,0.22,
2024-12-23,1.0596,1.3915,1.7019,1.9526,0.6423,,4.3,4.44,4.59,4.78,0.29,
2024-12-24,1.0521,1.4199,1.7166,1.9926,0.6645,,4.29,4.43,4.59,4.76,0.3,
2024-12-25,1.0814,1.4591,1.7365,2.007,0.6551,,,,,,,
2024-12-26,1.1,1.437,1.7122,1.9701,0.6122,,4.3,4.42,4.58,4.76,0.28,
2024-12-27,1.132,1.4059,1.6929,1.9476,0.5609,,4.31,4.45,4.62,4.82,0.31,
2024-12-30,1.152,1.4413,1.7128,1.9476,0.5608,,4.24,4.37,4.55,4.77,0.31,
2024-12-31,1.137,1.4152,1.6752,1.9121,0.5382,5.0,4.25,4.38,4.58,4.78,0.33,2.8
2025-01-02,1.1011,1.3976,1.6077,1.8397,0.5066,,4.25,4.38,4.57,4.79,0.32,
2025-01-03,1.0205,1.3409,1.6041,1.8501,0.5836,,4.28,4.41,4.6,4.82,0.32,
2025-01-06,1.0133,1.3493,1.5966,1.8327,0.5833,,4.28,4.42,4.62,4.85,0.34,
2025-01-07,1.0483,1.3895,1.6093,1.8602,0.561,,4.3,4.46,4.67,4.91,0.37,
2025-01-08,1.0908,1.3948,1.6069,1.8702,0.5161,,4.28,4.45,4.67,4.91,0.39,
2025-01-09,1.1708,1.4465,1.6368,1.8932,0.466,,4.27,4.46,4.68,4.92,0.41,
2025-01-10,1.2112,1.4342,1.6338,1.8752,0.4226,,4.4,4.59,4.77,4.96,0.37,
2025-01-13,1.2516,1.4792,1.6592,1.9051,0.4076,,4.4,4.61,4.79,4.97,0.39,
2025-01-14,1.221,1.4157,1.6446,1.8652,0.4236,,4.37,4.59,4.78,4.98,0.41,
2025-01-15,1.2135,1.4207,1.633,1.8602,0.4195,,4.27,4.45,4.66,4.88,0.39,
2025-01-16,1.2366,1.4257,1.6394,1.8677,0.4028,,4.23,4.39,4.61,4.84,0.38,
2025-01-17,1.2708,1.4307,1.6593,1.915,0.3885,,4.27,4.42,4.61,4.84,0.34,
2025-01-20,1.2755,1.4357,1.6747,1.9225,0.3992,,,,,,,
2025-01-21,1.2506,1.4107,1.6496,1.89,0.399,,4.29,4.4,4.57,4.8,0.28,
2025-01-22,1.2554,1.4257,1.6602,1.9,0.4048,,4.29,4.43,4.6,4.82,0.31,
2025-01-23,1.2804,1.4557,1.6645,1.9,0.3841,,4.29,4.45,4.65,4.87,0.36,
2025-01-24,1.3004,1.4657,1.6565,1.89,0.3561,,4.27,4.43,4.63,4.85,0.36,
2025-01-26,1.3154,1.4557,1.6537,1.891,0.3383,,,,,,,
2025-01-27,1.2515,1.4124,1.6299,1.8675,0.3784,,4.17,4.32,4.53,4.76,0.36,
2025-01-28,,,,,,,4.19,4.33,4.55,4.78,0.36,
2025-01-29,,,,,,,4.21,4.35,4.55,4.79,0.34,
2025-01-30,,,,,,,4.18,4.31,4.52,4.76,0.34,
2025-01-31,,,,,,,4.22,4.36,4.58,4.83,0.36,
2025-02-03,,,,,,,4.26,4.35,4.54,4.77,0.28,
2025-02-04,,,,,,,4.21,4.31,4.52,4.75,0.31,
2025-02-05,1.2521,1.4049,1.6207,1.8375,0.3686,,4.17,4.24,4.43,4.64,0.26,
2025-02-06,1.2129,1.3791,1.5958,1.805,0.3829,,4.21,4.28,4.45,4.65,0.24,
2025-02-07,1.237,1.3945,1.6032,1.8025,0.3662,,4.29,4.34,4.49,4.69,0.2,
2025-02-08,1.237,1.3945,1.6057,1.805,0.3687,,,,,,,
2025-02-10,1.2721,1.4377,1.6342,1.825,0.3621,,4.28,4.34,4.51,4.71,0.23,
2025-02-11,1.2736,1.4279,1.6274,1.8075,0.3538,,4.29,4.37,4.54,4.75,0.25,
2025-02-12,1.2758,1.438,1.6336,1.809,0.3578,,4.36,4.48,4.62,4.83,0.26,
2025-02-13,1.3023,1.448,1.6346,1.799,0.3323,,4.31,4.39,4.52,4.72,0.21,
2025-02-14,1.3606,1.4804,1.6546,1.82,0.294,,4.26,4.33,4.47,4.69,0.21,
2025-02-17,1.3854,1.5035,1.6934,1.86,0.308,,,,,,,
2025-02-18,1.3916,1.5335,1.7006,1.86,0.309,,4.29,4.4,4.55,4.77,0.26,
2025-02-19,1.3676,1.5029,1.6626,1.84,0.295,,4.28,4.37,4.53,4.76,0.25,
2025-02-20,1.4267,1.5379,1.685,1.87,0.2583,,4.28,4.34,4.5,4.74,0.22,
2025-02-21,1.4706,1.6045,1.72,1.905,0.2494,,4.19,4.26,4.42,4.67,0.23,
2025-02-24,1.4726,1.6451,1.7625,1.945,0.2899,,4.13,4.23,4.4,4.66,0.27,
2025-02-25,1.4449,1.6222,1.7275,1.915,0.2826,,4.07,4.12,4.3,4.55,0.23,
2025-02-26,1.4239,1.61,1.7251,1.91,0.3012,,4.05,4.06,4.25,4.51,0.2,
2025-02-27,1.4639,1.644,1.7576,1.935,0.2937,,4.07,4.09,4.29,4.56,0.22,
2025-02-28,1.4253,1.6041,1.7152,1.905,0.2899,,3.99,4.03,4.24,4.51,0.25,
2025-03-03,1.3834,1.5565,1.6955,1.89,0.3121,,3.96,3.97,4.16,4.45,0.2,
2025-03-04,1.4056,1.5639,1.7079,1.9,0.3023,,3.96,4.01,4.22,4.53,0.26,
2025-03-05,1.3995,1.5527,1.7083,1.8925,0.3088,,3.99,4.08,4.28,4.57,0.29,
2025-03-06,1.447,1.598,1.7455,1.9325,0.2985,,3.96,4.06,4.29,4.58,0.33,
2025-03-07,1.507,1.6672,1.8002,1.975,0.2932,,3.99,4.09,4.32,4.62,0.33,
2025-03-10,1.5355,1.6744,1.8128,1.985,0.2773,,3.89,3.98,4.22,4.54,0.33,
2025-03-11,1.5975,1.7368,1.8853,2.035,0.2878,,3.94,4.03,4.28,4.59,0.34,
2025-03-12,1.5578,1.6668,1.8334,2.0125,0.2756,,4.01,4.09,4.32,4.63,0.31,
2025-03-13,1.5644,1.6792,1.8565,2.04,0.2921,,3.94,4.02,4.27,4.59,0.33,
2025-03-14,1.5474,1.6416,1.8317,2.04,0.2843,,4.02,4.09,4.31,4.62,0.29,
2025-03-17,1.5774,1.7123,1.8957,2.115,0.3183,,4.06,4.11,4.31,4.6,0.25,
2025-03-18,1.5374,1.6974,1.8885,2.1151,0.3511,,4.04,4.07,4.29,4.58,0.25,
2025-03-19,1.6027,1.6991,1.8708,2.1051,0.2681,,3.99,4.03,4.25,4.56,0.26,
2025-03-20,1.555,1.6741,1.8309,2.0526,0.2759,,3.95,4.01,4.24,4.55,0.29,
2025-03-21,1.5804,1.6981,1.8458,2.0676,0.2654,,3.94,4.0,4.25,4.59,0.31,
2025-03-24,1.5863,1.6927,1.8413,2.0501,0.255,,4.04,4.09,4.34,4.66,0.3,
2025-03-25,1.5811,1.6773,1.8183,2.0276,0.2372,,3.96,4.07,4.31,4.65,0.35,
2025-03-26,1.561,1.6517,1.7943,2.0001,0.2333,,3.98,4.08,4.35,4.69,0.37,
2025-03-27,1.5508,1.6579,1.8062,2.0101,0.2554,,3.97,4.09,4.38,4.73,0.41,
2025-03-28,1.5302,1.6562,1.8126,2.0251,0.2824,,3.89,3.98,4.27,4.64,0.38,
2025-03-31,1.5663,1.6523,1.8129,2.0226,0.2466,,3.89,3.96,4.23,4.59,0.34,
2025-04-01,1.5791,1.6669,1.8104,2.0201,0.2313,,3.87,3.91,4.17,4.52,0.3,
2025-04-02,1.5611,1.6368,1.7887,1.9801,0.2276,,3.91,3.95,4.2,4.54,0.29,
2025-04-03,1.4853,1.5616,1.718,1.9052,0.2327,,3.71,3.75,4.06,4.49,0.35,
2025-04-04,,,,,,,3.68,3.72,4.01,4.41,0.33,
2025-04-07,1.4278,1.4967,1.6318,1.8252,0.204,,3.73,3.82,4.15,4.58,0.42,
2025-04-08,1.4703,1.5452,1.6633,1.8551,0.193,,3.71,3.88,4.26,4.71,0.55,
2025-04-09,1.4328,1.5216,1.6508,1.8552,0.218,,3.91,4.06,4.34,4.72,0.43,
2025-04-10,1.4053,1.4916,1.6444,1.8602,0.2391,,3.84,4.04,4.4,4.86,0.56,
2025-04-11,1.3979,1.4895,1.6568,1.8627,0.2589,,3.96,4.15,4.48,4.85,0.52,
2025-04-14,1.4131,1.5043,1.6584,1.8602,0.2453,,3.84,4.02,4.38,4.8,0.54,
2025-04-15,1.423,1.5015,1.6583,1.8602,0.2353,,3.84,3.98,4.35,4.79,0.51,
2025-04-16,1.4261,1.4896,1.643,1.8652,0.2169,,3.77,3.91,4.29,4.74,0.52,
2025-04-17,1.4413,1.5048,1.6522,1.8982,0.2109,,3.81,3.95,4.34,4.8,0.53,
2025-04-18,1.4495,1.504,1.6493,1.9042,0.1998,,,,,,,
2025-04-21,1.4618,1.5303,1.6664,1.9227,0.2046,,3.75,3.97,4.42,4.91,0.67,
2025-04-22,1.4567,1.5179,1.6509,1.9052,0.1942,,3.76,3.98,4.41,4.88,0.65,
2025-04-23,1.4725,1.5379,1.6611,1.9279,0.1886,,3.81,4.0,4.4,4.83,0.59,
2025-04-24,1.4781,1.547,1.664,1.9327,0.1859,,3.77,3.91,4.32,4.77,0.55,
2025-04-25,1.4838,1.5433,1.6606,1.9276,0.1768,,3.74,3.88,4.29,4.74,0.55,
2025-04-27,1.4788,1.5443,1.6607,1.9252,0.1819,,,,,,,
2025-04-28,1.483,1.5393,1.6483,1.9005,0.1653,,3.67,3.81,4.23,4.69,0.56,
2025-04-29,1.4616,1.5352,1.6241,1.8225,0.1625,,3.65,3.77,4.19,4.64,0.54,
2025-04-30,1.4507,1.5163,1.6243,1.824,0.1736,,3.6,3.72,4.17,4.66,0.57,
2025-05-01,,,,,,,3.7,3.81,4.25,4.74,0.55,
2025-05-02,,,,,,,3.83,3.92,4.33,4.79,0.5,
2025-05-05,,,,,,,3.83,3.95,4.36,4.83,0.53,
2025-05-06,1.454,1.5255,1.6298,1.827,0.1758,,3.78,3.9,4.3,4.81,0.52,
2025-05-07,1.4415,1.5156,1.6418,1.8475,0.2003,,3.78,3.87,4.26,4.77,0.48,
2025-05-08,1.4067,1.5009,1.6331,1.8375,0.2264,,3.9,4.0,4.37,4.83,0.47,
2025-05-09,1.4296,1.4957,1.6351,1.8425,0.2055,,3.88,4.0,4.37,4.83,0.49,
2025-05-12,1.4375,1.5519,1.688,1.905,0.2505,,3.98,4.09,4.45,4.89,0.47,
2025-05-13,1.4167,1.5421,1.6704,1.879,0.2537,,4.02,4.12,4.49,4.94,0.47,
2025-05-14,1.4356,1.5622,1.6736,1.8775,0.238,,4.05,4.17,4.53,4.97,0.48,
2025-05-15,1.454,1.577,1.6798,1.8825,0.2258,,3.96,4.07,4.45,4.91,0.49,
2025-05-16,1.4749,1.577,1.6793,1.878,0.2044,,3.98,4.06,4.43,4.89,0.45,
2025-05-19,1.4645,1.5672,1.6893,1.861,0.2248,,3.97,4.07,4.46,4.92,0.49,
2025-05-20,1.4834,1.5722,1.7004,1.872,0.217,,3.97,4.07,4.48,4.96,0.51,
2025-05-21,1.4775,1.5647,1.71,1.885,0.2325,,4.0,4.15,4.58,5.08,0.58,
2025-05-22,1.4801,1.5649,1.7186,1.887,0.2385,,4.0,4.11,4.54,5.05,0.54,
2025-05-23,1.4747,1.565,1.7208,1.889,0.2461,,4.0,4.08,4.51,5.04,0.51,
2025-05-26,1.4676,1.5628,1.7201,1.8875,0.2525,,,,,,,
2025-05-27,1.4723,1.5703,1.7261,1.901,0.2538,,3.92,4.04,4.43,4.94,0.51,
2025-05-28,1.4755,1.5753,1.6832,1.906,0.2077,,3.96,4.05,4.47,4.97,0.51,
2025-05-29,1.4875,1.5903,1.6877,1.916,0.2002,,3.92,4.0,4.43,4.92,0.51,
2025-05-30,1.4617,1.564,1.6712,1.896,0.2095,,3.89,3.96,4.41,4.92,0.52,
2025-06-02,,,,,,,3.94,4.01,4.46,4.99,0.52,
2025-06-03,1.4831,1.5797,1.6764,1.895,0.1933,,3.96,4.04,4.46,4.98,0.5,
2025-06-04,1.462,1.565,1.6704,1.891,0.2084,,3.87,3.93,4.37,4.89,0.5,
2025-06-05,1.4391,1.5585,1.6741,1.896,0.235,,3.92,3.99,4.4,4.88,0.48,
2025-06-06,1.4257,1.5459,1.6547,1.876,0.229,,4.04,4.13,4.51,4.97,0.47,
2025-06-09,1.4286,1.5437,1.6559,1.87,0.2273,,4.01,4.09,4.49,4.95,0.48,
2025-06-10,1.4331,1.5456,1.6569,1.8695,0.2238,,4.01,4.08,4.47,4.93,0.46,
2025-06-11,1.4186,1.5426,1.642,1.849,0.2234,,3.94,4.02,4.41,4.91,0.47,
2025-06-12,1.4263,1.5437,1.6475,1.8485,0.2212,,3.9,3.97,4.36,4.84,0.46,
2025-06-13,1.4132,1.5447,1.644,1.8495,0.2308,,3.96,4.02,4.41,4.9,0.45,
2025-06-16,1.4032,1.5401,1.6432,1.851,0.24,,3.97,4.04,4.46,4.96,0.49,
2025-06-17,1.3712,1.5101,1.6364,1.8425,0.2652,,3.94,3.99,4.39,4.88,0.45,
2025-06-18,1.3701,1.5082,1.6384,1.8455,0.2683,,3.94,3.98,4.38,4.88,0.44,
2025-06-19,1.3701,1.5078,1.6425,1.8431,0.2724,,,,,,,
2025-06-20,1.3662,1.5025,1.6396,1.8376,0.2734,,3.9,3.96,4.38,4.89,,
2025-06-23,1.3683,1.5027,1.6418,1.8381,0.2735,,3.84,3.91,4.34,4.87,0.5,
2025-06-24,1.3733,1.5129,1.648,1.8506,0.2747,,3.75,3.86,4.3,4.83,0.55,
2025-06-25,1.3728,1.5214,1.6544,1.8621,0.2816,,3.74,3.83,4.29,4.83,0.55,
2025-06-26,1.3703,1.5139,1.6462,1.8491,0.2759,,3.7,3.79,4.26,4.81,0.56,
2025-06-27,1.3605,1.5065,1.6462,1.8496,0.2857,,3.73,3.83,4.29,4.85,0.56,
2025-06-30,1.3635,1.5129,1.6469,1.8611,0.2834,,3.72,3.79,4.24,4.78,0.52,
2025-07-01,1.3663,1.5075,1.6433,1.8516,0.277,,3.78,3.84,4.26,4.78,0.48,
2025-07-02,1.3586,1.4975,1.6396,1.8451,0.281,,3.78,3.87,4.3,4.82,0.52,
2025-07-03,1.3611,1.4933,1.6407,1.8486,0.2796,,3.88,3.94,4.35,4.86,0.47,
2025-07-04,1.3534,1.4929,1.6433,1.8516,0.2899,,,,,,,
2025-07-07,1.3508,1.4932,1.6406,1.8536,0.2898,,3.9,3.96,4.4,4.92,0.5,
2025-07-08,1.3633,1.5032,1.6444,1.8596,0.2811,,3.9,3.99,4.42,4.94,0.52,
2025-07-09,1.3771,1.5141,1.6446,1.8566,0.2675,,3.86,3.92,4.34,4.87,0.48,
2025-07-10,1.3965,1.5236,1.6616,1.8746,0.2651,,3.86,3.93,4.35,4.86,0.49,
2025-07-11,1.3995,1.5292,1.6653,1.8741,0.2658,,3.9,3.99,4.43,4.96,0.53,
2025-07-14,1.4127,1.5417,1.6726,1.8821,0.2599,,3.9,3.98,4.43,4.97,0.53,
2025-07-15,1.3921,1.5251,1.6557,1.8601,0.2636,,3.95,4.05,4.5,5.01,0.55,
2025-07-16,1.3875,1.5273,1.6617,1.8661,0.2742,,3.88,3.99,4.46,5.01,0.58,
2025-07-17,1.3851,1.5248,1.663,1.883,0.2779,,3.91,4.01,4.47,5.01,0.56,
2025-07-18,1.3803,1.5256,1.6652,1.8885,0.2849,,3.88,3.96,4.44,5.0,0.56,
2025-07-21,1.3908,1.5421,1.6774,1.9115,0.2866,,3.85,3.91,4.38,4.94,0.53,
2025-07-22,1.3934,1.5559,1.6907,1.9335,0.2973,,3.83,3.88,4.35,4.9,0.52,
2025-07-23,1.4087,1.5749,1.7041,1.938,0.2954,,3.88,3.94,4.4,4.95,0.52,
2025-07-24,1.4556,1.5939,1.7376,1.979,0.282,,3.91,3.98,4.43,4.96,0.52,
2025-07-25,1.4355,1.6048,1.7324,1.9725,0.2969,,3.91,3.95,4.4,4.92,0.49,
2025-07-28,1.4155,1.5848,1.7146,1.9525,0.2991,,3.91,3.96,4.42,4.96,0.51,
2025-07-29,1.4445,1.6107,1.7466,1.998,0.3021,,3.86,3.9,4.34,4.86,0.48,
2025-07-30,1.4289,1.5859,1.718,1.96,0.2891,,3.94,3.96,4.38,4.89,0.44,
2025-07-31,1.4195,1.571,1.7044,1.945,0.2849,,3.94,3.96,4.37,4.89,0.43,
2025-08-01,1.4258,1.5686,1.7059,1.949,0.2801,,3.69,3.77,4.23,4.81,0.54,
2025-08-04,1.4253,1.5768,1.7083,1.95,0.283,,3.69,3.75,4.22,4.8,0.53,
2025-08-05,1.4253,1.5719,1.7061,1.9585,0.2808,,3.72,3.77,4.22,4.78,0.5,
2025-08-06,1.4154,1.562,1.6999,1.958,0.2845,,3.69,3.77,4.22,4.81,0.53,
2025-08-07,1.4054,1.5471,1.6894,1.951,0.284,,3.72,3.79,4.23,4.81,0.51,
2025-08-08,1.3956,1.5454,1.6891,1.96,0.2935,,3.76,3.84,4.27,4.85,0.51,
2025-08-11,1.4061,1.5629,1.7203,1.995,0.3142,,3.76,3.83,4.27,4.84,0.51,
2025-08-12,1.4096,1.5683,1.7271,2.017,0.3175,,3.72,3.83,4.29,4.88,0.57,
2025-08-13,1.3996,1.5637,1.7262,2.02,0.3266,,3.67,3.77,4.24,4.83,0.57,
2025-08-14,1.4023,1.5638,1.7341,2.0275,0.3318,,3.74,3.82,4.29,4.88,0.55,
2025-08-15,1.4021,1.5948,1.7465,2.0475,0.3444,,3.75,3.85,4.33,4.92,0.58,
2025-08-18,1.4342,1.6398,1.7872,2.1145,0.353,,3.77,3.86,4.34,4.94,,
2025-08-19,1.4273,1.6246,1.7725,2.0975,0.3452,,3.75,3.82,4.3,4.9,,
2025-08-20,1.4398,1.6399,1.782,2.105,0.3422,,3.74,3.81,4.29,4.89,,
2025-08-21,1.4373,1.6295,1.7667,2.075,0.3294,,3.79,3.86,4.33,4.92,,
2025-08-22,1.4341,1.6324,1.7818,2.0775,0.3477,,3.68,3.76,4.26,4.88,,
2025-08-25,1.4194,1.6227,1.7643,2.05,0.3449,,3.73,3.8,4.28,4.89,0.55,
2025-08-26,1.417,1.6215,1.7598,2.035,0.3428,,3.61,3.75,4.26,4.9,0.65,
2025-08-27,1.411,1.6259,1.7988,2.07,0.3878,,3.59,3.69,4.24,4.91,0.65,
2025-08-28,1.4184,1.6442,1.8478,2.1108,0.4294,,3.62,3.69,4.22,4.88,0.6,
2025-08-29,1.4042,1.6322,1.8379,2.1375,0.4337,,3.59,3.68,4.23,4.92,0.64,
2025-09-01,1.3994,1.6234,1.8257,2.1165,0.4263,,,,,,,
2025-09-02,1.3994,1.6148,1.8167,2.1,0.4173,,3.66,3.74,4.28,4.97,0.62,
2025-09-03,1.385,1.5931,1.7984,2.075,0.4134,,3.61,3.69,4.22,4.9,0.61,
2025-09-04,1.4036,1.5967,1.806,2.085,0.4024,,3.59,3.65,4.17,4.86,0.58,
2025-09-05,1.4081,1.6121,1.826,2.1125,0.4179,,3.51,3.59,4.1,4.78,0.59,
2025-09-08,1.4065,1.6229,1.8514,2.1475,0.4449,,3.49,3.57,4.05,4.69,0.56,
2025-09-09,1.4205,1.6283,1.8641,2.171,0.4436,,3.54,3.61,4.08,4.72,0.54,
2025-09-10,1.4298,1.6492,1.8992,2.204,0.4694,,3.54,3.59,4.04,4.69,0.5,
2025-09-11,1.4177,1.621,1.8743,2.208,0.4566,,3.52,3.59,4.01,4.65,0.49,
2025-09-12,1.4295,1.6139,1.867,2.184,0.4375,,3.56,3.63,4.06,4.68,0.5,
2025-09-15,1.4245,1.6187,1.8724,2.1875,0.4479,,3.54,3.61,4.05,4.66,0.51,
2025-09-16,1.4095,1.5891,1.8527,2.1675,0.4432,,3.51,3.59,4.04,4.65,0.53,
2025-09-17,1.4345,1.5688,1.8349,2.15,0.4004,,3.52,3.62,4.06,4.66,0.54,
2025-09-18,1.4806,1.5896,1.8546,2.1701,0.374,,3.57,3.67,4.11,4.72,0.54,
2025-09-19,1.4859,1.6186,1.8789,2.1996,0.393,,3.57,3.68,4.14,4.75,0.57,
2025-09-22,1.4908,1.6091,1.8647,2.189,0.3739,,3.61,3.71,4.15,4.77,0.54,
2025-09-23,1.5015,1.6238,1.877,2.215,0.3755,,3.53,3.68,4.12,4.73,0.59,
2025-09-24,1.5163,1.6477,1.9022,2.2501,0.3859,,3.57,3.7,4.16,4.76,0.59,
2025-09-25,1.5211,1.6398,1.884,2.23,0.3629,,3.64,3.75,4.18,4.75,0.54,
2025-09-26,1.5125,1.6234,1.8768,2.217,0.3643,,3.63,3.76,4.2,4.77,0.57,
2025-09-28,1.5038,1.6188,1.8781,2.218,0.3743,,,,,,,
2025-09-29,1.5081,1.635,1.887,2.242,0.3789,,3.63,3.74,4.15,4.71,0.52,
2025-09-30,1.4934,1.6036,1.8605,2.2461,0.3671,,3.6,3.74,4.16,4.73,0.56,
2025-10-01,,,,,,,3.55,3.68,4.12,4.72,0.57,
2025-10-02,,,,,,,3.55,3.67,4.1,4.69,0.55,
2025-10-03,,,,,,,3.58,3.72,4.13,4.71,0.55,
2025-10-06,,,,,,,3.6,3.75,4.18,4.76,0.58,
2025-10-07,,,,,,,3.57,3.71,4.14,4.73,0.57,
2025-10-08,,,,,,,3.58,3.72,4.13,4.72,0.55,
2025-10-09,1.4857,1.5979,1.8466,2.2629,0.3609,,3.6,3.74,4.14,4.72,0.54,
2025-10-10,1.5016,1.605,1.846,2.2829,0.3444,,3.52,3.65,4.05,4.63,0.53,
2025-10-11,1.4822,1.5794,1.8206,2.2328,0.3384,,,,,,,
2025-10-13,1.4922,1.5983,1.8383,2.2729,0.3461,,,,,,,
2025-10-14,1.494,1.59,1.8368,2.2678,0.3428,,3.48,3.6,4.03,4.62,0.55,
2025-10-15,1.4997,1.5949,1.8449,2.2603,0.3452,,3.5,3.63,4.05,4.64,0.55,
2025-10-16,1.4981,1.5975,1.8407,2.2414,0.3426,,3.41,3.55,3.99,4.58,0.58,
2025-10-17,1.494,1.5899,1.8246,2.2002,0.3306,,3.46,3.59,4.02,4.6,0.56,
2025-10-20,1.5014,1.6104,1.8498,2.2162,0.3484,,3.46,3.58,4.0,4.58,0.54,
2025-10-21,1.4961,1.6033,1.8357,2.1871,0.3396,,3.45,3.56,3.98,4.55,0.53,
2025-10-22,1.5011,1.6027,1.8293,2.1821,0.3282,,3.45,3.56,3.97,4.54,0.52,
2025-10-23,1.4961,1.6061,1.8391,2.1946,0.343,,3.48,3.61,4.01,4.58,0.53,
2025-10-24,1.4923,1.6174,1.8486,2.2126,0.3563,,3.48,3.61,4.02,4.59,0.54,
2025-10-27,1.4814,1.6054,1.8423,2.2031,0.3609,,3.48,3.61,4.01,4.57,0.53,
2025-10-28,1.4408,1.5724,1.8179,2.17,0.3771,,3.47,3.6,3.99,4.55,0.52,
2025-10-29,1.4063,1.5783,1.8208,2.177,0.4145,,3.59,3.7,4.08,4.61,0.49,
2025-10-30,1.4067,1.5609,1.8098,2.1625,0.4031,,3.61,3.72,4.11,4.65,0.5,
2025-10-31,1.4022,1.5662,1.7954,2.1431,0.3932,,3.6,3.71,4.11,4.67,0.51,
2025-11-03,1.4143,1.5768,1.7944,2.1376,0.3801,,3.6,3.72,4.13,4.69,0.53,
2025-11-04,1.4233,1.5795,1.7984,2.1421,0.3751,,3.58,3.69,4.1,4.67,0.52,
2025-11-05,1.431,1.5794,1.7964,2.1391,0.3654,,3.63,3.76,4.17,4.74,0.54,
2025-11-06,1.4342,1.5856,1.81,2.1596,0.3758,,3.57,3.69,4.11,4.69,0.54,
2025-11-07,1.4337,1.5873,1.8142,2.1581,0.3805,,3.55,3.67,4.11,4.7,0.56,
2025-11-10,1.4322,1.583,1.8139,2.1476,0.3817,,3.58,3.72,4.13,4.71,0.55,
2025-11-11,1.433,1.5754,1.8119,2.1537,0.3789,,,,,,,
2025-11-12,1.4319,1.568,1.8071,2.1431,0.3752,,3.56,3.68,4.08,4.67,0.52,
2025-11-13,1.428,1.5783,1.8126,2.1491,0.3846,,3.58,3.71,4.11,4.7,0.53,
2025-11-14,1.4312,1.5816,1.814,2.1481,0.3828,,3.62,3.74,4.14,4.74,0.52,
2025-11-17,1.4312,1.5846,1.8109,2.1391,0.3797,,3.6,3.72,4.13,4.73,0.53,
2025-11-18,1.4311,1.5899,1.8121,2.1381,0.381,,3.58,3.7,4.12,4.74,0.54,
2025-11-19,1.4299,1.5953,1.8179,2.1506,0.388,,3.58,3.71,4.13,4.75,0.55,
2025-11-20,1.4291,1.5852,1.8135,2.1531,0.3844,,3.55,3.68,4.1,4.73,0.55,
2025-11-21,1.4303,1.5907,1.8166,2.1576,0.3863,,3.51,3.62,4.06,4.71,0.55,
2025-11-24,1.4313,1.5944,1.821,2.1586,0.3897,,3.46,3.61,4.04,4.68,0.58,
2025-11-25,1.43,1.6019,1.8301,2.1751,0.4001,,3.43,3.55,4.01,4.67,0.58,
2025-11-26,1.4342,1.6203,1.8462,2.1926,0.412,,3.45,3.56,4.0,4.64,0.55,
2025-11-27,1.4317,1.6304,1.8537,2.2001,0.422,,,,,,,
2025-11-28,1.4183,1.6183,1.8412,2.1851,0.4229,,3.47,3.59,4.02,4.67,0.55,
2025-12-01,1.4162,1.6111,1.8366,2.1901,0.4204,,3.54,3.67,4.09,4.74,0.55,
2025-12-02,1.4166,1.6165,1.8442,2.2051,0.4276,,3.51,3.66,4.09,4.74,0.58,
2025-12-03,1.4137,1.6196,1.8519,2.2351,0.4382,,3.49,3.62,4.06,4.73,0.57,
2025-12-04,1.4054,1.646,1.8718,2.2761,0.4664,,3.52,3.68,4.11,4.76,0.59,
2025-12-05,1.4036,1.6322,1.848,2.2571,0.4444,,3.56,3.72,4.14,4.79,0.58,
2025-12-08,1.4034,1.6348,1.8499,2.2577,0.4465,,3.57,3.75,4.17,4.81,0.6,
2025-12-09,1.3987,1.6299,1.8425,2.2527,0.4438,,3.61,3.78,4.18,4.8,0.57,
2025-12-10,1.3886,1.6266,1.8447,2.2412,0.4561,,3.54,3.72,4.13,4.78,0.59,
2025-12-11,1.3919,1.6173,1.8404,2.2252,0.4485,,3.52,3.72,4.14,4.79,0.62,
2025-12-12,1.3951,1.6279,1.8396,2.2487,0.4445,,3.52,3.75,4.19,4.85,0.67,
2025-12-15,1.3986,1.6391,1.8488,2.2792,0.4502,,3.51,3.73,4.18,4.84,0.67,
2025-12-16,1.4036,1.6362,1.8458,2.2802,0.4422,,3.48,3.69,4.15,4.82,0.67,
2025-12-17,1.4001,1.6241,1.834,2.2422,0.4339,,3.49,3.7,4.16,4.83,0.67,
2025-12-18,1.3876,1.6201,1.8356,2.2512,0.448,,3.46,3.66,4.12,4.8,0.66,
2025-12-19,1.3752,1.6021,1.8308,2.2252,0.4556,,3.48,3.7,4.16,4.82,0.68,
2025-12-22,1.3652,1.6083,1.8415,2.2412,0.4763,,3.44,3.71,4.17,4.84,0.73,
2025-12-23,1.3502,1.5957,1.8352,2.2232,0.485,,3.48,3.72,4.18,4.83,0.7,
2025-12-24,1.3401,1.5991,1.8356,2.2202,0.4955,,3.47,3.7,4.15,4.79,0.68,
2025-12-25,1.3358,1.6028,1.8386,2.2252,0.5028,,,,,,,
2025-12-26,1.3378,1.5948,1.8376,2.2233,0.4998,,3.46,3.68,4.14,4.81,0.68,
2025-12-29,1.3438,1.6168,1.8584,2.2583,0.5146,,3.45,3.67,4.12,4.8,0.67,
2025-12-30,1.3555,1.6303,1.8582,2.2628,0.5027,,3.45,3.68,4.14,4.81,0.69,
2025-12-31,1.3605,1.6309,1.8473,2.2674,0.4868,5.0,3.47,3.73,4.18,4.84,0.71,2.2
2026-01-02,,,,,,,3.47,3.74,4.19,4.86,0.72,
2026-01-04,1.3522,1.6247,1.8427,2.2529,0.4905,,,,,,,
2026-01-05,1.3813,1.6378,1.8584,2.2822,0.4771,,3.46,3.71,4.17,4.85,0.71,
2026-01-06,1.3988,1.6651,1.8829,2.3104,0.4841,,3.47,3.72,4.18,4.86,0.71,
2026-01-07,1.4388,1.6732,1.9019,2.3345,0.4631,,3.47,3.7,4.15,4.82,0.68,
2026-01-08,1.4388,1.661,1.8905,2.319,0.4517,,3.49,3.74,4.19,4.85,0.7,
2026-01-09,1.4362,1.6551,1.8782,2.3024,0.442,,3.54,3.75,4.18,4.82,0.64,
2026-01-12,1.4392,1.6427,1.8585,2.292,0.4193,,3.54,3.77,4.19,4.83,0.65,
2026-01-13,1.4386,1.6428,1.8519,2.2926,0.4133,,3.53,3.75,4.18,4.83,0.65,
2026-01-14,1.4344,1.6283,1.8494,2.3028,0.415,,3.51,3.72,4.15,4.79,0.64,
2026-01-15,1.4241,1.628,1.8544,2.3058,0.4303,,3.56,3.77,4.17,4.79,0.61,
2026-01-16,1.4043,1.6099,1.8424,2.3036,0.4381,,3.59,3.82,4.24,4.83,0.65,
2026-01-19,1.4072,1.6098,1.8393,2.3417,0.4321,,,,,,,
2026-01-20,1.3949,1.6024,1.8326,2.3351,0.4377,,3.6,3.86,4.3,4.91,0.7,
2026-01-21,1.3994,1.6043,1.8312,2.3026,0.4318,,3.6,3.83,4.26,4.87,0.66,
2026-01-22,1.4034,1.6147,1.8425,2.3101,0.4391,,3.61,3.85,4.26,4.84,0.65,
2026-01-23,1.3959,1.5965,1.8298,2.2871,0.4339,,3.6,3.84,4.24,4.82,0.64,
2026-01-26,1.4034,1.5975,1.8242,2.27,0.4208,,3.56,3.82,4.22,4.8,0.66,
2026-01-27,1.4098,1.6015,1.8311,2.285,0.4213,,3.53,3.81,4.24,4.83,0.71,
2026-01-28,1.3988,1.5821,1.8164,2.277,0.4176,,3.56,3.83,4.26,4.85,0.7,
2026-01-29,1.3908,1.5784,1.8174,2.28,0.4266,,3.53,3.8,4.24,4.85,0.71,
2026-01-30,1.3765,1.5761,1.8112,2.289,0.4347,,3.52,3.79,4.26,4.87,0.74,
2026-02-02,1.3852,1.5768,1.82,2.281,0.4348,,3.57,3.83,4.29,4.9,0.72,
2026-02-03,1.3772,1.5721,1.8172,2.28,0.44,,3.57,3.83,4.28,4.9,0.71,
2026-02-04,1.3769,1.5748,1.8193,2.283,0.4424,,3.57,3.83,4.29,4.91,0.72,
2026-02-05,1.3634,1.5686,1.8169,2.271,0.4535,,3.47,3.74,4.21,4.85,0.74,
2026-02-06,1.3597,1.5552,1.8102,2.251,0.4505,,3.5,3.76,4.22,4.85,0.72,
2026-02-09,1.3577,1.5533,1.8114,2.248,0.4537,,3.48,3.75,4.22,4.85,0.74,
2026-02-10,1.3552,1.5487,1.8094,2.247,0.4542,,3.45,3.7,4.16,4.78,0.71,
2026-02-11,1.358,1.5435,1.7994,2.2455,0.4414,,3.52,3.75,4.18,4.82,0.66,
2026-02-12,1.3576,1.5387,1.7893,2.246,0.4317,,3.47,3.67,4.09,4.72,0.62,
2026-02-13,1.3577,1.544,1.7928,2.244,0.4351,,3.4,3.61,4.04,4.69,0.64,
2026-02-14,1.3542,1.5366,1.7899,2.246,0.4357,,,,,,,
2026-02-17,,,,,,,3.43,3.63,4.05,4.68,0.62,
2026-02-18,,,,,,,3.47,3.66,4.09,4.71,0.62,
2026-02-19,,,,,,,3.47,3.65,4.08,4.7,0.61,
2026-02-20,,,,,,,3.48,3.65,4.08,4.72,0.6,
2026-02-23,,,,,,,3.43,3.59,4.03,4.7,0.6,
2026-02-24,1.3569,1.536,1.8023,2.2426,0.4454,,3.43,3.61,4.04,4.7,0.61,
2026-02-25,1.3608,1.5495,1.8158,2.255,0.455,,3.45,3.61,4.05,4.7,0.6,
2026-02-26,1.3657,1.5626,1.8288,2.2951,0.4631,,3.42,3.57,4.02,4.67,0.6,
2026-02-27,1.3638,1.5499,1.7877,2.2896,0.4239,,3.38,3.51,3.97,4.64,0.59,
2026-02-28,1.3589,1.5425,1.7753,2.2726,0.4164,,,,,,,
2026-03-02,1.3579,1.5379,1.7761,2.2696,0.4182,,3.47,3.62,4.05,4.7,0.58,
2026-03-03,1.3508,1.5418,1.7807,2.2827,0.4299,,3.51,3.63,4.06,4.7,0.55,
2026-03-04,1.3349,1.5286,1.7768,2.2752,0.4419,,3.54,3.67,4.09,4.72,0.55,
2026-03-05,1.3486,1.5312,1.7779,2.2717,0.4293,,3.57,3.72,4.13,4.74,0.56,
2026-03-06,1.3432,1.5341,1.781,2.2812,0.4378,,3.56,3.72,4.15,4.77,0.59,
2026-03-09,1.3605,1.5596,1.8054,2.3292,0.4449,,3.56,3.71,4.12,4.72,0.56,
2026-03-10,1.3622,1.5552,1.8055,2.3328,0.4433,,3.57,3.73,4.15,4.78,0.58,
2026-03-11,1.3639,1.5608,1.8075,2.3503,0.4436,,3.64,3.79,4.21,4.86,0.57,
2026-03-12,1.3614,1.5506,1.8052,2.3404,0.4438,,3.76,3.88,4.27,4.88,0.51,
2026-03-13,1.3532,1.5619,1.8143,2.3665,0.4611,,3.73,3.87,4.28,4.9,0.55,
2026-03-16,1.3593,1.5793,1.8312,2.3917,0.4719,,3.68,3.8,4.23,4.86,0.55,
2026-03-17,1.3393,1.579,1.8314,2.3806,0.4921,,3.68,3.79,4.2,4.85,0.52,
2026-03-18,1.3205,1.5631,1.8175,2.3607,0.497,,3.76,3.87,4.26,4.88,0.5,
2026-03-19,1.3106,1.565,1.8252,2.391,0.5146,,3.79,3.88,4.25,4.83,0.46,
2026-03-20,1.3087,1.5625,1.8299,2.3881,0.5212,,3.88,4.01,4.39,4.96,0.51,
2026-03-23,1.3163,1.572,1.8316,2.373,0.5153,,3.83,3.95,4.34,4.91,0.51,
2026-03-24,1.3112,1.5767,1.8272,2.3457,0.516,,3.9,4.03,4.39,4.94,0.49,
2026-03-25,1.3123,1.572,1.8233,2.3457,0.511,,3.84,3.96,4.33,4.89,0.49,
